/*
SQLyog Ultimate v11.33 (64 bit)
MySQL - 5.7.20 : Database - sell
*********************************************************************
*/

/*!40101 SET NAMES utf8 */;

/*!40101 SET SQL_MODE=''*/;

/*!40014 SET @OLD_UNIQUE_CHECKS=@@UNIQUE_CHECKS, UNIQUE_CHECKS=0 */;
/*!40014 SET @OLD_FOREIGN_KEY_CHECKS=@@FOREIGN_KEY_CHECKS, FOREIGN_KEY_CHECKS=0 */;
/*!40101 SET @OLD_SQL_MODE=@@SQL_MODE, SQL_MODE='NO_AUTO_VALUE_ON_ZERO' */;
/*!40111 SET @OLD_SQL_NOTES=@@SQL_NOTES, SQL_NOTES=0 */;
CREATE DATABASE /*!32312 IF NOT EXISTS*/`sell` /*!40100 DEFAULT CHARACTER SET utf8mb4 */;

USE `sell`;

/*Table structure for table `order_detail` */

DROP TABLE IF EXISTS `order_detail`;

CREATE TABLE `order_detail` (
  `detail_id` varchar(32) NOT NULL,
  `order_id` varchar(32) NOT NULL,
  `product_id` varchar(32) NOT NULL,
  `product_name` varchar(64) NOT NULL COMMENT '商品名',
  `product_price` decimal(8,2) NOT NULL COMMENT '商品价格',
  `product_quantity` int(11) NOT NULL COMMENT '商品数量',
  `product_icon` varchar(512) DEFAULT NULL COMMENT '商品图片',
  `create_time` timestamp NOT NULL DEFAULT CURRENT_TIMESTAMP COMMENT '创建时间',
  `update_time` timestamp NOT NULL DEFAULT CURRENT_TIMESTAMP ON UPDATE CURRENT_TIMESTAMP COMMENT '修改时间',
  PRIMARY KEY (`detail_id`),
  KEY `idx_order_id` (`order_id`)
) ENGINE=InnoDB DEFAULT CHARSET=utf8mb4 COMMENT='订单详情';

/*Data for the table `order_detail` */

insert  into `order_detail`(`detail_id`,`order_id`,`product_id`,`product_name`,`product_price`,`product_quantity`,`product_icon`,`create_time`,`update_time`) values ('017d5969dad549a4babf2f2fb1488543','cbe39c8fd14b405eacffd7fb18295177','e079329260b5453fbb0ce1fb46c0db1e','蒜蓉炒西兰花','24.84',2,'http://xxx.img','2018-06-15 15:24:45','2018-06-15 15:24:45'),('01bf579c8b91406f8c589fc4876c7f6a','cbe39c8fd14b405eacffd7fb18295177','7008d4e3a5e94c119e6fe6cd5d58dd9e','卤鸡腿','10.00',1,'http://xxx.img','2018-06-15 15:24:45','2018-06-15 15:24:45'),('082eb7bd1f964dbd8b1257cdf298c6a6','495f5611efee4d5692ebdb551841ec9f','e079329260b5453fbb0ce1fb46c0db1e','蒜蓉炒西兰花','24.84',2,'http://xxx.img','2018-06-12 16:43:19','2018-06-12 16:43:19'),('0b8f6eead44641c78b1d82ffa2fd63ee','31fa0e223fb847f7a072c871241b05ed','7008d4e3a5e94c119e6fe6cd5d58dd9e','卤鸡腿','10.00',1,'http://xxx.img','2018-06-15 15:19:30','2018-06-15 15:19:30'),('16e8b80180c844b7b360013af5ed93f7','9489999ea31a44ff954f06448c03cd2a','94678397e23a4fa4a7d3accd8fed8b1f','红烧肉','15.00',1,'http://xxx.img','2018-06-12 16:42:40','2018-06-12 16:42:40'),('1f2d7b0a2c314c899c9be0931479dbb8','9489999ea31a44ff954f06448c03cd2a','10ddf78feaa749da900b948a348959d4','奶黄包','5.00',2,'http://xxx.img','2018-06-12 16:42:40','2018-06-12 16:42:40'),('370ac5822dec4560a3a4dd0bd44ef3a3','7a70ea3465364d5c9184676599556825','10ddf78feaa749da900b948a348959d4','奶黄包','5.00',2,'http://xxx.img','2018-06-12 16:27:08','2018-06-12 16:27:08'),('3c62dc57b66646fb97f8f8a1279d7db2','dfeff1d2b8694e1aabf26281a148603f','0b024eb3a8ec44478c2ec7800de4acc5','椒香鸡腿','10.00',2,'http://xxx.img','2018-06-12 16:25:39','2018-06-12 16:25:39'),('652981e4562146819a5ac04459308e24','acd6a7a38cd441c1a0bb62886f44767e','e079329260b5453fbb0ce1fb46c0db1e','蒜蓉炒西兰花','24.84',2,'http://s2.cdn.xiachufang.com/172ba3e287ea11e6a9a10242ac110002_800w_600h.jpg?imageView2/2/w/660/interlace/1/q/90','2018-06-22 15:00:19','2018-07-04 16:08:19'),('725acb5a304c47068b53bdfea40db769','cb3081cee51845dcbe65266c407eb2c6','e079329260b5453fbb0ce1fb46c0db1e','蒜蓉炒西兰花','24.84',2,'http://s2.cdn.xiachufang.com/172ba3e287ea11e6a9a10242ac110002_800w_600h.jpg?imageView2/2/w/660/interlace/1/q/90','2018-06-22 15:00:19','2018-06-22 15:00:19'),('a79e32db974145d88513a84a692f9968','7a70ea3465364d5c9184676599556825','94678397e23a4fa4a7d3accd8fed8b1f','红烧肉','15.00',1,'http://xxx.img','2018-06-12 16:27:08','2018-06-12 16:27:08'),('a92884c0e6a14926b28abcf58eb9e1ac','acd6a7a38cd441c1a0bb62886f44767e','7008d4e3a5e94c119e6fe6cd5d58dd9e','卤鸡腿','10.00',1,'http://s1.cdn.xiachufang.com/e8ae858b6ebd476c995adc8174bd5321_750w_750h.jpg@2o_50sh_1pr_1l_660w_90q_1wh','2018-06-22 14:58:23','2018-07-04 16:08:19'),('b3739cbfff7e4b0db97b1717f71cb596','18d54440bd394c9a9056e8efff698674','7008d4e3a5e94c119e6fe6cd5d58dd9e','卤鸡腿','10.00',1,'http://s1.cdn.xiachufang.com/e8ae858b6ebd476c995adc8174bd5321_750w_750h.jpg@2o_50sh_1pr_1l_660w_90q_1wh','2018-06-22 14:58:23','2018-07-04 16:08:02'),('b6410a8e8a2e4f45bec765fdf74db7df','cb3081cee51845dcbe65266c407eb2c6','7008d4e3a5e94c119e6fe6cd5d58dd9e','卤鸡腿','10.00',1,'http://s1.cdn.xiachufang.com/e8ae858b6ebd476c995adc8174bd5321_750w_750h.jpg@2o_50sh_1pr_1l_660w_90q_1wh','2018-06-22 14:58:23','2018-06-22 15:01:32'),('d844d1c54e554c7fb348782a8ea05df2','5d9ec73ec25546d5b4ad443f74e53dbd','7008d4e3a5e94c119e6fe6cd5d58dd9e','卤鸡腿','10.00',1,'http://xxx.img','2018-06-12 16:43:31','2018-06-12 16:43:31'),('e02d9c36083c435780f2b93b6b3a2b00','5d9ec73ec25546d5b4ad443f74e53dbd','e079329260b5453fbb0ce1fb46c0db1e','蒜蓉炒西兰花','24.84',2,'http://xxx.img','2018-06-12 16:43:31','2018-06-12 16:43:31'),('ee6717f2bfd245faadb563c0f232768e','18d54440bd394c9a9056e8efff698674','e079329260b5453fbb0ce1fb46c0db1e','蒜蓉炒西兰花','24.84',2,'http://s2.cdn.xiachufang.com/172ba3e287ea11e6a9a10242ac110002_800w_600h.jpg?imageView2/2/w/660/interlace/1/q/90','2018-06-22 15:00:19','2018-07-04 16:08:02'),('ef24c9ddb7634fcb8ec13946d20ee95c','495f5611efee4d5692ebdb551841ec9f','7008d4e3a5e94c119e6fe6cd5d58dd9e','卤鸡腿','10.00',1,'http://xxx.img','2018-06-12 16:43:19','2018-06-12 16:43:19'),('fc2258779f6545db8b6a78bc9b333042','31fa0e223fb847f7a072c871241b05ed','e079329260b5453fbb0ce1fb46c0db1e','蒜蓉炒西兰花','24.84',2,'http://xxx.img','2018-06-15 15:19:30','2018-06-15 15:19:30');

/*Table structure for table `order_master` */

DROP TABLE IF EXISTS `order_master`;

CREATE TABLE `order_master` (
  `order_id` varchar(32) NOT NULL,
  `buyer_name` varchar(32) NOT NULL COMMENT '买家名字',
  `buyer_phone` varchar(32) NOT NULL COMMENT '买家电话',
  `buyer_address` varchar(128) NOT NULL COMMENT '买家地址',
  `buyer_openid` varchar(64) NOT NULL COMMENT '买家微信ID',
  `order_amount` decimal(8,2) NOT NULL COMMENT '订单总金额',
  `order_status` tinyint(3) NOT NULL DEFAULT '0' COMMENT '订单状态，默认0新下单',
  `pay_status` tinyint(3) NOT NULL DEFAULT '0' COMMENT '支付状态，默认0未支付',
  `create_time` timestamp NOT NULL DEFAULT CURRENT_TIMESTAMP COMMENT '创建时间',
  `update_time` timestamp NOT NULL DEFAULT CURRENT_TIMESTAMP ON UPDATE CURRENT_TIMESTAMP COMMENT '修改时间',
  PRIMARY KEY (`order_id`),
  KEY `idx_buyer_openid` (`buyer_openid`)
) ENGINE=InnoDB DEFAULT CHARSET=utf8mb4 COMMENT='订单主表';

/*Data for the table `order_master` */

insert  into `order_master`(`order_id`,`buyer_name`,`buyer_phone`,`buyer_address`,`buyer_openid`,`order_amount`,`order_status`,`pay_status`,`create_time`,`update_time`) values ('18d54440bd394c9a9056e8efff698674','李风','13356568989','哦怕路01号','lli6','59.68',0,0,'2018-07-04 16:08:19','2018-07-04 16:08:19'),('31fa0e223fb847f7a072c871241b05ed','李哈','13356568989','哦怕路01号','lli6','59.68',1,0,'2018-06-15 15:19:30','2018-06-15 16:38:47'),('495f5611efee4d5692ebdb551841ec9f','王大达','13356568989','天天路81号','lli6','59.68',0,0,'2018-06-12 16:43:19','2018-06-22 10:37:03'),('5d9ec73ec25546d5b4ad443f74e53dbd','李哈','13356568989','天天路81号','lli6','59.68',0,0,'2018-06-12 16:43:31','2018-06-22 10:37:05'),('7a70ea3465364d5c9184676599556825','真新','13356568989','瑞天路81号','123456','25.00',0,0,'2018-06-12 16:27:08','2018-06-22 10:37:07'),('9489999ea31a44ff954f06448c03cd2a','李临','13356568989','拉拉路81号','lli6','25.00',0,0,'2018-06-12 16:42:40','2018-06-22 10:37:08'),('acd6a7a38cd441c1a0bb62886f44767e','李格化','13356568989','哦有路01号','lli6','59.68',0,0,'2018-07-04 16:31:13','2018-07-04 16:31:13'),('cb3081cee51845dcbe65266c407eb2c6','李其风','13356568989','哦怕路01号','lli6','59.68',0,0,'2018-07-04 16:08:02','2018-07-04 16:08:02'),('cbe39c8fd14b405eacffd7fb18295177','李其','13356568989','哦怕路01号','lli6','59.68',0,0,'2018-06-15 15:24:45','2018-06-22 10:37:10'),('dfeff1d2b8694e1aabf26281a148603f','真新','13356568989','瑞天路81号','123456','20.00',0,0,'2018-06-12 16:25:39','2018-06-22 10:37:12');

/*Table structure for table `product_category` */

DROP TABLE IF EXISTS `product_category`;

CREATE TABLE `product_category` (
  `category_id` int(11) NOT NULL AUTO_INCREMENT COMMENT '类目id',
  `category_name` varchar(64) NOT NULL COMMENT '类目名字',
  `category_type` int(11) NOT NULL COMMENT '类目编号',
  `create_time` timestamp NOT NULL DEFAULT CURRENT_TIMESTAMP COMMENT '创建时间',
  `update_time` timestamp NOT NULL DEFAULT CURRENT_TIMESTAMP ON UPDATE CURRENT_TIMESTAMP COMMENT '修改时间',
  PRIMARY KEY (`category_id`),
  UNIQUE KEY `uqe_category_type` (`category_type`)
) ENGINE=InnoDB AUTO_INCREMENT=7 DEFAULT CHARSET=utf8mb4 COMMENT='类目表';

/*Data for the table `product_category` */

insert  into `product_category`(`category_id`,`category_name`,`category_type`,`create_time`,`update_time`) values (1,'热销',1,'2018-06-12 15:57:59','2018-06-12 15:57:59'),(3,'折扣',6,'2018-06-22 16:02:27','2018-06-22 16:02:27'),(4,'超人气组合',3,'2018-06-22 16:03:42','2018-06-22 16:03:42'),(5,'凉菜',4,'2018-06-22 15:48:17','2018-06-22 15:48:17'),(6,'川菜',5,'2018-06-22 15:50:27','2018-06-22 15:50:27');

/*Table structure for table `product_info` */

DROP TABLE IF EXISTS `product_info`;

CREATE TABLE `product_info` (
  `product_id` varchar(32) NOT NULL,
  `product_name` varchar(64) NOT NULL COMMENT '商品名称',
  `product_price` decimal(8,2) NOT NULL COMMENT '单价',
  `product_stock` int(11) NOT NULL COMMENT '库存',
  `product_description` varchar(128) DEFAULT NULL COMMENT '描述',
  `product_icon` varchar(512) DEFAULT NULL COMMENT '小图',
  `product_status` int(11) NOT NULL DEFAULT '0' COMMENT '商品状态，0正常 1下架',
  `category_type` int(11) NOT NULL COMMENT '类目编号',
  `create_time` timestamp NOT NULL DEFAULT CURRENT_TIMESTAMP COMMENT '创建时间',
  `update_time` timestamp NOT NULL DEFAULT CURRENT_TIMESTAMP ON UPDATE CURRENT_TIMESTAMP COMMENT '修改时间',
  PRIMARY KEY (`product_id`)
) ENGINE=InnoDB DEFAULT CHARSET=utf8mb4 COMMENT='商品表';

/*Data for the table `product_info` */

insert  into `product_info`(`product_id`,`product_name`,`product_price`,`product_stock`,`product_description`,`product_icon`,`product_status`,`category_type`,`create_time`,`update_time`) values ('0b024eb3a8ec44478c2ec7800de4acc5','椒香鸡腿','10.00',100,'好吃的','http://s2.cdn.xiachufang.com/4cb58a5887b511e6a9a10242ac110002_1000w_667h.jpg?imageView2/2/w/660/interlace/1/q/90',0,1,'2018-06-22 14:59:29','2018-06-22 14:59:29'),('10ddf78feaa749da900b948a348959d4','奶黄包','5.00',100,'好吃的','http://s2.cdn.xiachufang.com/b06bd66a87c411e6a9a10242ac110002_1024w_678h.jpg?imageView2/2/w/660/interlace/1/q/90',0,2,'2018-06-22 14:58:46','2018-06-22 14:58:46'),('39e17b97f26b4467950a649629275a59','石锅拌饭','20.00',100,'石锅拌饭— —是经典的朝鲜族料理，可以用各种时令蔬菜来制作，做好的拌饭底部有一层金黄酥脆的锅巴，再搭配一个煎至半熟的流心蛋，营养丰富，味道浓郁，非常美味。','http://s2.cdn.xiachufang.com/d816bbdf545442f99ac265568c114100_800w_533h.jpg?imageView2/2/w/660/interlace/1/q/90',0,1,'2018-06-22 15:53:39','2018-06-22 15:53:39'),('7008d4e3a5e94c119e6fe6cd5d58dd9e','卤鸡腿','10.00',96,'好吃的','http://s1.cdn.xiachufang.com/e8ae858b6ebd476c995adc8174bd5321_750w_750h.jpg@2o_50sh_1pr_1l_660w_90q_1wh',0,2,'2018-06-22 14:58:23','2018-07-04 16:31:13'),('79adb1fd355a4a59b51b23732a41998c','炒豌豆','12.00',100,'色香味俱全','http://119.29.214.244:8090/img/2018-06-22/3f2df55c-566a-4447-a941-5cf2f505e159.jpg',0,1,'2018-06-22 14:53:31','2018-06-22 14:53:31'),('81b45797e13744188033ee548b42afde','鸡蛋三明治','12.50',100,'好吃的不得了','http://s2.cdn.xiachufang.com/532be048881a11e6a9a10242ac110002_624w_474h.jpg?imageView2/2/w/660/interlace/1/q/90',0,2,'2018-06-22 14:55:58','2018-06-22 14:55:58'),('94678397e23a4fa4a7d3accd8fed8b1f','红烧肉','15.00',100,'棒棒的','http://s2.cdn.xiachufang.com/2e9b067e316f11e7947d0242ac110002_757w_514h.png?imageView2/2/w/660/interlace/1/q/90',0,1,'2018-06-22 14:57:43','2018-06-22 14:57:43'),('c54de695942d496d838ba5d8c9cc832f','蛋挞','5.00',100,'很好吃，香香的','http://s2.cdn.xiachufang.com/781ee03824bb11e7bc9d0242ac110002_1728w_2304h.jpg?imageView2/2/w/660/interlace/1/q/90',0,1,'2018-06-22 14:59:52','2018-06-22 14:59:52'),('e079329260b5453fbb0ce1fb46c0db1e','蒜蓉炒西兰花','24.84',92,'好吃的','http://s2.cdn.xiachufang.com/172ba3e287ea11e6a9a10242ac110002_800w_600h.jpg?imageView2/2/w/660/interlace/1/q/90',0,2,'2018-06-22 15:00:19','2018-07-04 16:31:13');

/*Table structure for table `seller_info` */

DROP TABLE IF EXISTS `seller_info`;

CREATE TABLE `seller_info` (
  `seller_id` varchar(32) NOT NULL,
  `username` varchar(32) NOT NULL,
  `password` varchar(32) NOT NULL,
  `openid` varchar(64) NOT NULL,
  `create_time` timestamp NOT NULL DEFAULT CURRENT_TIMESTAMP COMMENT '创建时间',
  `update_time` timestamp NOT NULL DEFAULT CURRENT_TIMESTAMP ON UPDATE CURRENT_TIMESTAMP COMMENT '修改时间',
  PRIMARY KEY (`seller_id`)
) ENGINE=InnoDB DEFAULT CHARSET=utf8mb4 COMMENT='卖家信息表';

/*Data for the table `seller_info` */

insert  into `seller_info`(`seller_id`,`username`,`password`,`openid`,`create_time`,`update_time`) values ('2be3740eaa31453a8405a7369e12b153','zhenxin','81dc9bdb52d04dc20036dbd8313ed055','3afced19e08c43a8912c9a1e6ac5dddb','2018-07-03 14:38:27','2018-07-03 14:38:27');

/*Table structure for table `t_qwer` */

DROP TABLE IF EXISTS `t_qwer`;

CREATE TABLE `t_qwer` (
  `id` int(11) NOT NULL AUTO_INCREMENT,
  `o_id` int(11) DEFAULT NULL,
  `name` varchar(255) DEFAULT NULL,
  PRIMARY KEY (`id`)
) ENGINE=InnoDB AUTO_INCREMENT=2001 DEFAULT CHARSET=utf8;

/*Data for the table `t_qwer` */

insert  into `t_qwer`(`id`,`o_id`,`name`) values (1001,0,'aa:0'),(1002,0,'aa:1'),(1003,2,'aa:2'),(1004,3,'aa:3'),(1005,4,'aa:4'),(1006,5,'aa:5'),(1007,6,'aa:6'),(1008,6,'aa:7'),(1009,8,'aa:8'),(1010,8,'aa:9'),(1011,10,'aa:10'),(1012,11,'aa:11'),(1013,11,'aa:12'),(1014,11,'aa:13'),(1015,11,'aa:14'),(1016,15,'aa:15'),(1017,16,'aa:16'),(1018,16,'aa:17'),(1019,18,'aa:18'),(1020,18,'aa:19'),(1021,18,'aa:20'),(1022,21,'aa:21'),(1023,22,'aa:22'),(1024,23,'aa:23'),(1025,23,'aa:24'),(1026,23,'aa:25'),(1027,23,'aa:26'),(1028,27,'aa:27'),(1029,28,'aa:28'),(1030,28,'aa:29'),(1031,30,'aa:30'),(1032,30,'aa:31'),(1033,32,'aa:32'),(1034,32,'aa:33'),(1035,32,'aa:34'),(1036,32,'aa:35'),(1037,32,'aa:36'),(1038,32,'aa:37'),(1039,38,'aa:38'),(1040,38,'aa:39'),(1041,40,'aa:40'),(1042,40,'aa:41'),(1043,42,'aa:42'),(1044,42,'aa:43'),(1045,42,'aa:44'),(1046,42,'aa:45'),(1047,46,'aa:46'),(1048,46,'aa:47'),(1049,46,'aa:48'),(1050,46,'aa:49'),(1051,46,'aa:50'),(1052,46,'aa:51'),(1053,46,'aa:52'),(1054,53,'aa:53'),(1055,53,'aa:54'),(1056,53,'aa:55'),(1057,53,'aa:56'),(1058,57,'aa:57'),(1059,57,'aa:58'),(1060,59,'aa:59'),(1061,60,'aa:60'),(1062,61,'aa:61'),(1063,62,'aa:62'),(1064,62,'aa:63'),(1065,62,'aa:64'),(1066,65,'aa:65'),(1067,66,'aa:66'),(1068,67,'aa:67'),(1069,67,'aa:68'),(1070,69,'aa:69'),(1071,69,'aa:70'),(1072,71,'aa:71'),(1073,71,'aa:72'),(1074,71,'aa:73'),(1075,74,'aa:74'),(1076,75,'aa:75'),(1077,76,'aa:76'),(1078,76,'aa:77'),(1079,76,'aa:78'),(1080,76,'aa:79'),(1081,76,'aa:80'),(1082,81,'aa:81'),(1083,82,'aa:82'),(1084,83,'aa:83'),(1085,84,'aa:84'),(1086,85,'aa:85'),(1087,86,'aa:86'),(1088,86,'aa:87'),(1089,88,'aa:88'),(1090,88,'aa:89'),(1091,90,'aa:90'),(1092,90,'aa:91'),(1093,90,'aa:92'),(1094,93,'aa:93'),(1095,93,'aa:94'),(1096,93,'aa:95'),(1097,96,'aa:96'),(1098,96,'aa:97'),(1099,96,'aa:98'),(1100,96,'aa:99'),(1101,100,'aa:100'),(1102,100,'aa:101'),(1103,102,'aa:102'),(1104,103,'aa:103'),(1105,104,'aa:104'),(1106,105,'aa:105'),(1107,105,'aa:106'),(1108,107,'aa:107'),(1109,107,'aa:108'),(1110,107,'aa:109'),(1111,110,'aa:110'),(1112,111,'aa:111'),(1113,111,'aa:112'),(1114,113,'aa:113'),(1115,113,'aa:114'),(1116,115,'aa:115'),(1117,116,'aa:116'),(1118,117,'aa:117'),(1119,118,'aa:118'),(1120,118,'aa:119'),(1121,120,'aa:120'),(1122,121,'aa:121'),(1123,122,'aa:122'),(1124,123,'aa:123'),(1125,123,'aa:124'),(1126,123,'aa:125'),(1127,123,'aa:126'),(1128,127,'aa:127'),(1129,128,'aa:128'),(1130,129,'aa:129'),(1131,129,'aa:130'),(1132,131,'aa:131'),(1133,131,'aa:132'),(1134,131,'aa:133'),(1135,134,'aa:134'),(1136,134,'aa:135'),(1137,136,'aa:136'),(1138,137,'aa:137'),(1139,137,'aa:138'),(1140,137,'aa:139'),(1141,140,'aa:140'),(1142,141,'aa:141'),(1143,142,'aa:142'),(1144,142,'aa:143'),(1145,142,'aa:144'),(1146,145,'aa:145'),(1147,145,'aa:146'),(1148,145,'aa:147'),(1149,148,'aa:148'),(1150,148,'aa:149'),(1151,150,'aa:150'),(1152,151,'aa:151'),(1153,152,'aa:152'),(1154,153,'aa:153'),(1155,154,'aa:154'),(1156,154,'aa:155'),(1157,154,'aa:156'),(1158,157,'aa:157'),(1159,158,'aa:158'),(1160,158,'aa:159'),(1161,158,'aa:160'),(1162,158,'aa:161'),(1163,162,'aa:162'),(1164,162,'aa:163'),(1165,164,'aa:164'),(1166,165,'aa:165'),(1167,165,'aa:166'),(1168,167,'aa:167'),(1169,168,'aa:168'),(1170,169,'aa:169'),(1171,170,'aa:170'),(1172,170,'aa:171'),(1173,170,'aa:172'),(1174,170,'aa:173'),(1175,174,'aa:174'),(1176,175,'aa:175'),(1177,175,'aa:176'),(1178,175,'aa:177'),(1179,178,'aa:178'),(1180,179,'aa:179'),(1181,180,'aa:180'),(1182,181,'aa:181'),(1183,182,'aa:182'),(1184,183,'aa:183'),(1185,184,'aa:184'),(1186,184,'aa:185'),(1187,186,'aa:186'),(1188,186,'aa:187'),(1189,186,'aa:188'),(1190,189,'aa:189'),(1191,190,'aa:190'),(1192,190,'aa:191'),(1193,190,'aa:192'),(1194,190,'aa:193'),(1195,190,'aa:194'),(1196,190,'aa:195'),(1197,190,'aa:196'),(1198,190,'aa:197'),(1199,198,'aa:198'),(1200,199,'aa:199'),(1201,200,'aa:200'),(1202,201,'aa:201'),(1203,201,'aa:202'),(1204,203,'aa:203'),(1205,203,'aa:204'),(1206,205,'aa:205'),(1207,205,'aa:206'),(1208,205,'aa:207'),(1209,205,'aa:208'),(1210,209,'aa:209'),(1211,210,'aa:210'),(1212,211,'aa:211'),(1213,212,'aa:212'),(1214,213,'aa:213'),(1215,214,'aa:214'),(1216,215,'aa:215'),(1217,215,'aa:216'),(1218,215,'aa:217'),(1219,215,'aa:218'),(1220,215,'aa:219'),(1221,220,'aa:220'),(1222,221,'aa:221'),(1223,221,'aa:222'),(1224,221,'aa:223'),(1225,221,'aa:224'),(1226,225,'aa:225'),(1227,225,'aa:226'),(1228,227,'aa:227'),(1229,228,'aa:228'),(1230,228,'aa:229'),(1231,228,'aa:230'),(1232,228,'aa:231'),(1233,228,'aa:232'),(1234,233,'aa:233'),(1235,233,'aa:234'),(1236,233,'aa:235'),(1237,233,'aa:236'),(1238,237,'aa:237'),(1239,238,'aa:238'),(1240,238,'aa:239'),(1241,240,'aa:240'),(1242,240,'aa:241'),(1243,242,'aa:242'),(1244,242,'aa:243'),(1245,242,'aa:244'),(1246,245,'aa:245'),(1247,245,'aa:246'),(1248,247,'aa:247'),(1249,248,'aa:248'),(1250,249,'aa:249'),(1251,249,'aa:250'),(1252,249,'aa:251'),(1253,252,'aa:252'),(1254,253,'aa:253'),(1255,254,'aa:254'),(1256,255,'aa:255'),(1257,255,'aa:256'),(1258,257,'aa:257'),(1259,257,'aa:258'),(1260,259,'aa:259'),(1261,260,'aa:260'),(1262,261,'aa:261'),(1263,261,'aa:262'),(1264,263,'aa:263'),(1265,263,'aa:264'),(1266,263,'aa:265'),(1267,266,'aa:266'),(1268,266,'aa:267'),(1269,266,'aa:268'),(1270,269,'aa:269'),(1271,270,'aa:270'),(1272,271,'aa:271'),(1273,271,'aa:272'),(1274,271,'aa:273'),(1275,274,'aa:274'),(1276,274,'aa:275'),(1277,274,'aa:276'),(1278,274,'aa:277'),(1279,278,'aa:278'),(1280,279,'aa:279'),(1281,280,'aa:280'),(1282,280,'aa:281'),(1283,282,'aa:282'),(1284,283,'aa:283'),(1285,284,'aa:284'),(1286,285,'aa:285'),(1287,286,'aa:286'),(1288,287,'aa:287'),(1289,287,'aa:288'),(1290,289,'aa:289'),(1291,290,'aa:290'),(1292,290,'aa:291'),(1293,292,'aa:292'),(1294,292,'aa:293'),(1295,292,'aa:294'),(1296,292,'aa:295'),(1297,292,'aa:296'),(1298,297,'aa:297'),(1299,298,'aa:298'),(1300,299,'aa:299'),(1301,299,'aa:300'),(1302,301,'aa:301'),(1303,301,'aa:302'),(1304,301,'aa:303'),(1305,301,'aa:304'),(1306,301,'aa:305'),(1307,301,'aa:306'),(1308,307,'aa:307'),(1309,308,'aa:308'),(1310,309,'aa:309'),(1311,310,'aa:310'),(1312,311,'aa:311'),(1313,311,'aa:312'),(1314,313,'aa:313'),(1315,313,'aa:314'),(1316,315,'aa:315'),(1317,316,'aa:316'),(1318,316,'aa:317'),(1319,318,'aa:318'),(1320,318,'aa:319'),(1321,320,'aa:320'),(1322,321,'aa:321'),(1323,321,'aa:322'),(1324,323,'aa:323'),(1325,323,'aa:324'),(1326,323,'aa:325'),(1327,323,'aa:326'),(1328,323,'aa:327'),(1329,323,'aa:328'),(1330,323,'aa:329'),(1331,330,'aa:330'),(1332,330,'aa:331'),(1333,332,'aa:332'),(1334,332,'aa:333'),(1335,334,'aa:334'),(1336,334,'aa:335'),(1337,336,'aa:336'),(1338,336,'aa:337'),(1339,338,'aa:338'),(1340,338,'aa:339'),(1341,338,'aa:340'),(1342,341,'aa:341'),(1343,341,'aa:342'),(1344,341,'aa:343'),(1345,344,'aa:344'),(1346,345,'aa:345'),(1347,346,'aa:346'),(1348,346,'aa:347'),(1349,348,'aa:348'),(1350,349,'aa:349'),(1351,349,'aa:350'),(1352,351,'aa:351'),(1353,352,'aa:352'),(1354,353,'aa:353'),(1355,353,'aa:354'),(1356,355,'aa:355'),(1357,355,'aa:356'),(1358,355,'aa:357'),(1359,358,'aa:358'),(1360,358,'aa:359'),(1361,360,'aa:360'),(1362,361,'aa:361'),(1363,362,'aa:362'),(1364,363,'aa:363'),(1365,364,'aa:364'),(1366,365,'aa:365'),(1367,366,'aa:366'),(1368,367,'aa:367'),(1369,368,'aa:368'),(1370,368,'aa:369'),(1371,370,'aa:370'),(1372,370,'aa:371'),(1373,370,'aa:372'),(1374,373,'aa:373'),(1375,374,'aa:374'),(1376,375,'aa:375'),(1377,375,'aa:376'),(1378,375,'aa:377'),(1379,378,'aa:378'),(1380,378,'aa:379'),(1381,378,'aa:380'),(1382,378,'aa:381'),(1383,378,'aa:382'),(1384,378,'aa:383'),(1385,378,'aa:384'),(1386,378,'aa:385'),(1387,378,'aa:386'),(1388,378,'aa:387'),(1389,388,'aa:388'),(1390,389,'aa:389'),(1391,389,'aa:390'),(1392,389,'aa:391'),(1393,389,'aa:392'),(1394,389,'aa:393'),(1395,394,'aa:394'),(1396,394,'aa:395'),(1397,394,'aa:396'),(1398,397,'aa:397'),(1399,397,'aa:398'),(1400,399,'aa:399'),(1401,400,'aa:400'),(1402,401,'aa:401'),(1403,401,'aa:402'),(1404,401,'aa:403'),(1405,404,'aa:404'),(1406,405,'aa:405'),(1407,406,'aa:406'),(1408,407,'aa:407'),(1409,408,'aa:408'),(1410,408,'aa:409'),(1411,410,'aa:410'),(1412,411,'aa:411'),(1413,411,'aa:412'),(1414,411,'aa:413'),(1415,414,'aa:414'),(1416,414,'aa:415'),(1417,416,'aa:416'),(1418,416,'aa:417'),(1419,416,'aa:418'),(1420,416,'aa:419'),(1421,416,'aa:420'),(1422,421,'aa:421'),(1423,422,'aa:422'),(1424,423,'aa:423'),(1425,424,'aa:424'),(1426,425,'aa:425'),(1427,426,'aa:426'),(1428,427,'aa:427'),(1429,427,'aa:428'),(1430,429,'aa:429'),(1431,430,'aa:430'),(1432,430,'aa:431'),(1433,432,'aa:432'),(1434,433,'aa:433'),(1435,434,'aa:434'),(1436,434,'aa:435'),(1437,436,'aa:436'),(1438,436,'aa:437'),(1439,436,'aa:438'),(1440,436,'aa:439'),(1441,440,'aa:440'),(1442,441,'aa:441'),(1443,442,'aa:442'),(1444,442,'aa:443'),(1445,442,'aa:444'),(1446,442,'aa:445'),(1447,442,'aa:446'),(1448,447,'aa:447'),(1449,447,'aa:448'),(1450,447,'aa:449'),(1451,450,'aa:450'),(1452,451,'aa:451'),(1453,451,'aa:452'),(1454,453,'aa:453'),(1455,453,'aa:454'),(1456,453,'aa:455'),(1457,453,'aa:456'),(1458,453,'aa:457'),(1459,458,'aa:458'),(1460,459,'aa:459'),(1461,459,'aa:460'),(1462,459,'aa:461'),(1463,459,'aa:462'),(1464,459,'aa:463'),(1465,459,'aa:464'),(1466,459,'aa:465'),(1467,459,'aa:466'),(1468,467,'aa:467'),(1469,468,'aa:468'),(1470,468,'aa:469'),(1471,470,'aa:470'),(1472,470,'aa:471'),(1473,470,'aa:472'),(1474,473,'aa:473'),(1475,473,'aa:474'),(1476,475,'aa:475'),(1477,475,'aa:476'),(1478,475,'aa:477'),(1479,475,'aa:478'),(1480,479,'aa:479'),(1481,479,'aa:480'),(1482,479,'aa:481'),(1483,482,'aa:482'),(1484,482,'aa:483'),(1485,484,'aa:484'),(1486,484,'aa:485'),(1487,486,'aa:486'),(1488,486,'aa:487'),(1489,488,'aa:488'),(1490,488,'aa:489'),(1491,490,'aa:490'),(1492,490,'aa:491'),(1493,490,'aa:492'),(1494,493,'aa:493'),(1495,494,'aa:494'),(1496,494,'aa:495'),(1497,496,'aa:496'),(1498,497,'aa:497'),(1499,497,'aa:498'),(1500,497,'aa:499'),(1501,500,'aa:500'),(1502,500,'aa:501'),(1503,502,'aa:502'),(1504,502,'aa:503'),(1505,502,'aa:504'),(1506,502,'aa:505'),(1507,502,'aa:506'),(1508,502,'aa:507'),(1509,502,'aa:508'),(1510,502,'aa:509'),(1511,502,'aa:510'),(1512,511,'aa:511'),(1513,511,'aa:512'),(1514,513,'aa:513'),(1515,514,'aa:514'),(1516,515,'aa:515'),(1517,515,'aa:516'),(1518,517,'aa:517'),(1519,518,'aa:518'),(1520,518,'aa:519'),(1521,520,'aa:520'),(1522,520,'aa:521'),(1523,520,'aa:522'),(1524,520,'aa:523'),(1525,520,'aa:524'),(1526,520,'aa:525'),(1527,520,'aa:526'),(1528,527,'aa:527'),(1529,528,'aa:528'),(1530,529,'aa:529'),(1531,529,'aa:530'),(1532,531,'aa:531'),(1533,532,'aa:532'),(1534,533,'aa:533'),(1535,534,'aa:534'),(1536,535,'aa:535'),(1537,536,'aa:536'),(1538,536,'aa:537'),(1539,536,'aa:538'),(1540,539,'aa:539'),(1541,539,'aa:540'),(1542,539,'aa:541'),(1543,539,'aa:542'),(1544,543,'aa:543'),(1545,543,'aa:544'),(1546,543,'aa:545'),(1547,543,'aa:546'),(1548,543,'aa:547'),(1549,548,'aa:548'),(1550,549,'aa:549'),(1551,550,'aa:550'),(1552,551,'aa:551'),(1553,551,'aa:552'),(1554,553,'aa:553'),(1555,553,'aa:554'),(1556,555,'aa:555'),(1557,555,'aa:556'),(1558,557,'aa:557'),(1559,558,'aa:558'),(1560,559,'aa:559'),(1561,559,'aa:560'),(1562,561,'aa:561'),(1563,562,'aa:562'),(1564,562,'aa:563'),(1565,562,'aa:564'),(1566,565,'aa:565'),(1567,566,'aa:566'),(1568,567,'aa:567'),(1569,568,'aa:568'),(1570,568,'aa:569'),(1571,568,'aa:570'),(1572,571,'aa:571'),(1573,571,'aa:572'),(1574,573,'aa:573'),(1575,574,'aa:574'),(1576,575,'aa:575'),(1577,575,'aa:576'),(1578,577,'aa:577'),(1579,577,'aa:578'),(1580,577,'aa:579'),(1581,580,'aa:580'),(1582,580,'aa:581'),(1583,580,'aa:582'),(1584,580,'aa:583'),(1585,580,'aa:584'),(1586,585,'aa:585'),(1587,586,'aa:586'),(1588,586,'aa:587'),(1589,588,'aa:588'),(1590,589,'aa:589'),(1591,590,'aa:590'),(1592,591,'aa:591'),(1593,592,'aa:592'),(1594,593,'aa:593'),(1595,594,'aa:594'),(1596,595,'aa:595'),(1597,596,'aa:596'),(1598,597,'aa:597'),(1599,598,'aa:598'),(1600,598,'aa:599'),(1601,600,'aa:600'),(1602,600,'aa:601'),(1603,602,'aa:602'),(1604,603,'aa:603'),(1605,603,'aa:604'),(1606,605,'aa:605'),(1607,606,'aa:606'),(1608,607,'aa:607'),(1609,608,'aa:608'),(1610,609,'aa:609'),(1611,610,'aa:610'),(1612,610,'aa:611'),(1613,612,'aa:612'),(1614,612,'aa:613'),(1615,612,'aa:614'),(1616,612,'aa:615'),(1617,616,'aa:616'),(1618,616,'aa:617'),(1619,616,'aa:618'),(1620,616,'aa:619'),(1621,616,'aa:620'),(1622,621,'aa:621'),(1623,621,'aa:622'),(1624,621,'aa:623'),(1625,621,'aa:624'),(1626,625,'aa:625'),(1627,626,'aa:626'),(1628,626,'aa:627'),(1629,626,'aa:628'),(1630,629,'aa:629'),(1631,630,'aa:630'),(1632,630,'aa:631'),(1633,632,'aa:632'),(1634,633,'aa:633'),(1635,634,'aa:634'),(1636,635,'aa:635'),(1637,635,'aa:636'),(1638,635,'aa:637'),(1639,638,'aa:638'),(1640,639,'aa:639'),(1641,639,'aa:640'),(1642,641,'aa:641'),(1643,642,'aa:642'),(1644,643,'aa:643'),(1645,644,'aa:644'),(1646,644,'aa:645'),(1647,644,'aa:646'),(1648,644,'aa:647'),(1649,648,'aa:648'),(1650,648,'aa:649'),(1651,650,'aa:650'),(1652,650,'aa:651'),(1653,650,'aa:652'),(1654,653,'aa:653'),(1655,653,'aa:654'),(1656,653,'aa:655'),(1657,653,'aa:656'),(1658,653,'aa:657'),(1659,658,'aa:658'),(1660,658,'aa:659'),(1661,658,'aa:660'),(1662,661,'aa:661'),(1663,662,'aa:662'),(1664,663,'aa:663'),(1665,663,'aa:664'),(1666,663,'aa:665'),(1667,663,'aa:666'),(1668,667,'aa:667'),(1669,668,'aa:668'),(1670,669,'aa:669'),(1671,669,'aa:670'),(1672,671,'aa:671'),(1673,671,'aa:672'),(1674,671,'aa:673'),(1675,674,'aa:674'),(1676,675,'aa:675'),(1677,676,'aa:676'),(1678,676,'aa:677'),(1679,678,'aa:678'),(1680,678,'aa:679'),(1681,678,'aa:680'),(1682,678,'aa:681'),(1683,682,'aa:682'),(1684,682,'aa:683'),(1685,684,'aa:684'),(1686,684,'aa:685'),(1687,684,'aa:686'),(1688,684,'aa:687'),(1689,684,'aa:688'),(1690,689,'aa:689'),(1691,690,'aa:690'),(1692,691,'aa:691'),(1693,692,'aa:692'),(1694,692,'aa:693'),(1695,692,'aa:694'),(1696,695,'aa:695'),(1697,695,'aa:696'),(1698,695,'aa:697'),(1699,698,'aa:698'),(1700,698,'aa:699'),(1701,698,'aa:700'),(1702,698,'aa:701'),(1703,702,'aa:702'),(1704,702,'aa:703'),(1705,702,'aa:704'),(1706,702,'aa:705'),(1707,702,'aa:706'),(1708,702,'aa:707'),(1709,708,'aa:708'),(1710,708,'aa:709'),(1711,710,'aa:710'),(1712,711,'aa:711'),(1713,712,'aa:712'),(1714,713,'aa:713'),(1715,713,'aa:714'),(1716,713,'aa:715'),(1717,713,'aa:716'),(1718,717,'aa:717'),(1719,718,'aa:718'),(1720,719,'aa:719'),(1721,719,'aa:720'),(1722,719,'aa:721'),(1723,719,'aa:722'),(1724,723,'aa:723'),(1725,723,'aa:724'),(1726,723,'aa:725'),(1727,723,'aa:726'),(1728,727,'aa:727'),(1729,728,'aa:728'),(1730,729,'aa:729'),(1731,730,'aa:730'),(1732,730,'aa:731'),(1733,732,'aa:732'),(1734,733,'aa:733'),(1735,733,'aa:734'),(1736,733,'aa:735'),(1737,733,'aa:736'),(1738,733,'aa:737'),(1739,738,'aa:738'),(1740,738,'aa:739'),(1741,738,'aa:740'),(1742,741,'aa:741'),(1743,742,'aa:742'),(1744,743,'aa:743'),(1745,743,'aa:744'),(1746,745,'aa:745'),(1747,746,'aa:746'),(1748,746,'aa:747'),(1749,746,'aa:748'),(1750,746,'aa:749'),(1751,746,'aa:750'),(1752,751,'aa:751'),(1753,752,'aa:752'),(1754,753,'aa:753'),(1755,753,'aa:754'),(1756,755,'aa:755'),(1757,756,'aa:756'),(1758,757,'aa:757'),(1759,757,'aa:758'),(1760,759,'aa:759'),(1761,759,'aa:760'),(1762,761,'aa:761'),(1763,761,'aa:762'),(1764,761,'aa:763'),(1765,761,'aa:764'),(1766,765,'aa:765'),(1767,765,'aa:766'),(1768,767,'aa:767'),(1769,767,'aa:768'),(1770,767,'aa:769'),(1771,767,'aa:770'),(1772,771,'aa:771'),(1773,772,'aa:772'),(1774,773,'aa:773'),(1775,774,'aa:774'),(1776,774,'aa:775'),(1777,774,'aa:776'),(1778,777,'aa:777'),(1779,778,'aa:778'),(1780,778,'aa:779'),(1781,778,'aa:780'),(1782,778,'aa:781'),(1783,778,'aa:782'),(1784,778,'aa:783'),(1785,784,'aa:784'),(1786,784,'aa:785'),(1787,784,'aa:786'),(1788,784,'aa:787'),(1789,784,'aa:788'),(1790,789,'aa:789'),(1791,789,'aa:790'),(1792,791,'aa:791'),(1793,792,'aa:792'),(1794,792,'aa:793'),(1795,792,'aa:794'),(1796,795,'aa:795'),(1797,795,'aa:796'),(1798,795,'aa:797'),(1799,798,'aa:798'),(1800,799,'aa:799'),(1801,800,'aa:800'),(1802,800,'aa:801'),(1803,802,'aa:802'),(1804,802,'aa:803'),(1805,804,'aa:804'),(1806,805,'aa:805'),(1807,805,'aa:806'),(1808,807,'aa:807'),(1809,807,'aa:808'),(1810,807,'aa:809'),(1811,807,'aa:810'),(1812,807,'aa:811'),(1813,807,'aa:812'),(1814,813,'aa:813'),(1815,813,'aa:814'),(1816,815,'aa:815'),(1817,816,'aa:816'),(1818,816,'aa:817'),(1819,818,'aa:818'),(1820,818,'aa:819'),(1821,820,'aa:820'),(1822,821,'aa:821'),(1823,822,'aa:822'),(1824,822,'aa:823'),(1825,824,'aa:824'),(1826,825,'aa:825'),(1827,826,'aa:826'),(1828,827,'aa:827'),(1829,827,'aa:828'),(1830,829,'aa:829'),(1831,829,'aa:830'),(1832,831,'aa:831'),(1833,832,'aa:832'),(1834,833,'aa:833'),(1835,833,'aa:834'),(1836,833,'aa:835'),(1837,836,'aa:836'),(1838,836,'aa:837'),(1839,836,'aa:838'),(1840,836,'aa:839'),(1841,840,'aa:840'),(1842,841,'aa:841'),(1843,842,'aa:842'),(1844,843,'aa:843'),(1845,844,'aa:844'),(1846,845,'aa:845'),(1847,845,'aa:846'),(1848,847,'aa:847'),(1849,848,'aa:848'),(1850,849,'aa:849'),(1851,850,'aa:850'),(1852,851,'aa:851'),(1853,851,'aa:852'),(1854,851,'aa:853'),(1855,854,'aa:854'),(1856,855,'aa:855'),(1857,855,'aa:856'),(1858,855,'aa:857'),(1859,858,'aa:858'),(1860,858,'aa:859'),(1861,858,'aa:860'),(1862,858,'aa:861'),(1863,862,'aa:862'),(1864,862,'aa:863'),(1865,864,'aa:864'),(1866,865,'aa:865'),(1867,866,'aa:866'),(1868,866,'aa:867'),(1869,866,'aa:868'),(1870,869,'aa:869'),(1871,869,'aa:870'),(1872,869,'aa:871'),(1873,872,'aa:872'),(1874,873,'aa:873'),(1875,874,'aa:874'),(1876,875,'aa:875'),(1877,876,'aa:876'),(1878,877,'aa:877'),(1879,878,'aa:878'),(1880,878,'aa:879'),(1881,878,'aa:880'),(1882,881,'aa:881'),(1883,882,'aa:882'),(1884,882,'aa:883'),(1885,882,'aa:884'),(1886,882,'aa:885'),(1887,886,'aa:886'),(1888,886,'aa:887'),(1889,888,'aa:888'),(1890,889,'aa:889'),(1891,890,'aa:890'),(1892,890,'aa:891'),(1893,890,'aa:892'),(1894,893,'aa:893'),(1895,893,'aa:894'),(1896,895,'aa:895'),(1897,895,'aa:896'),(1898,897,'aa:897'),(1899,897,'aa:898'),(1900,897,'aa:899'),(1901,897,'aa:900'),(1902,901,'aa:901'),(1903,902,'aa:902'),(1904,902,'aa:903'),(1905,902,'aa:904'),(1906,905,'aa:905'),(1907,905,'aa:906'),(1908,907,'aa:907'),(1909,907,'aa:908'),(1910,909,'aa:909'),(1911,910,'aa:910'),(1912,911,'aa:911'),(1913,912,'aa:912'),(1914,912,'aa:913'),(1915,912,'aa:914'),(1916,915,'aa:915'),(1917,915,'aa:916'),(1918,917,'aa:917'),(1919,917,'aa:918'),(1920,919,'aa:919'),(1921,920,'aa:920'),(1922,920,'aa:921'),(1923,920,'aa:922'),(1924,923,'aa:923'),(1925,924,'aa:924'),(1926,925,'aa:925'),(1927,925,'aa:926'),(1928,925,'aa:927'),(1929,928,'aa:928'),(1930,928,'aa:929'),(1931,930,'aa:930'),(1932,930,'aa:931'),(1933,932,'aa:932'),(1934,932,'aa:933'),(1935,932,'aa:934'),(1936,932,'aa:935'),(1937,932,'aa:936'),(1938,932,'aa:937'),(1939,932,'aa:938'),(1940,932,'aa:939'),(1941,940,'aa:940'),(1942,940,'aa:941'),(1943,940,'aa:942'),(1944,943,'aa:943'),(1945,943,'aa:944'),(1946,945,'aa:945'),(1947,946,'aa:946'),(1948,947,'aa:947'),(1949,948,'aa:948'),(1950,948,'aa:949'),(1951,948,'aa:950'),(1952,951,'aa:951'),(1953,951,'aa:952'),(1954,953,'aa:953'),(1955,954,'aa:954'),(1956,955,'aa:955'),(1957,956,'aa:956'),(1958,956,'aa:957'),(1959,956,'aa:958'),(1960,959,'aa:959'),(1961,960,'aa:960'),(1962,961,'aa:961'),(1963,961,'aa:962'),(1964,961,'aa:963'),(1965,961,'aa:964'),(1966,961,'aa:965'),(1967,961,'aa:966'),(1968,967,'aa:967'),(1969,967,'aa:968'),(1970,969,'aa:969'),(1971,969,'aa:970'),(1972,969,'aa:971'),(1973,969,'aa:972'),(1974,969,'aa:973'),(1975,974,'aa:974'),(1976,975,'aa:975'),(1977,975,'aa:976'),(1978,977,'aa:977'),(1979,977,'aa:978'),(1980,977,'aa:979'),(1981,977,'aa:980'),(1982,977,'aa:981'),(1983,977,'aa:982'),(1984,983,'aa:983'),(1985,984,'aa:984'),(1986,984,'aa:985'),(1987,986,'aa:986'),(1988,986,'aa:987'),(1989,986,'aa:988'),(1990,986,'aa:989'),(1991,990,'aa:990'),(1992,991,'aa:991'),(1993,992,'aa:992'),(1994,992,'aa:993'),(1995,994,'aa:994'),(1996,995,'aa:995'),(1997,995,'aa:996'),(1998,995,'aa:997'),(1999,998,'aa:998'),(2000,998,'aa:999');

/*Table structure for table `t_test` */

DROP TABLE IF EXISTS `t_test`;

CREATE TABLE `t_test` (
  `id` int(11) unsigned NOT NULL AUTO_INCREMENT,
  `name` varchar(50) DEFAULT NULL,
  PRIMARY KEY (`id`)
) ENGINE=InnoDB AUTO_INCREMENT=21822 DEFAULT CHARSET=latin1;

/*Data for the table `t_test` */

insert  into `t_test`(`id`,`name`) values (18819,'client-a : aa0'),(18820,'client-a : aa1'),(18821,'client-a : aa2'),(18822,'client-a : aa3'),(18823,'client-a : aa4'),(18824,'client-a : aa5'),(18825,'client-a : aa6'),(18826,'client-a : aa7'),(18827,'client-a : aa8'),(18828,'client-a : aa9'),(18829,'client-a : aa10'),(18830,'client-a : aa11'),(18831,'client-a : aa12'),(18832,'client-a : aa13'),(18833,'client-a : aa14'),(18834,'client-a : aa15'),(18835,'client-a : aa16'),(18836,'client-a : aa17'),(18837,'client-a : aa18'),(18838,'client-a : aa19'),(18839,'client-a : aa20'),(18840,'client-a : aa21'),(18841,'client-a : aa22'),(18842,'client-a : aa23'),(18843,'client-a : aa24'),(18844,'client-a : aa25'),(18845,'client-a : aa26'),(18846,'client-a : aa27'),(18847,'client-a : aa28'),(18848,'client-a : aa29'),(18849,'client-a : aa30'),(18850,'client-a : aa31'),(18851,'client-a : aa32'),(18852,'client-a : aa33'),(18853,'client-a : aa34'),(18854,'client-a : aa35'),(18855,'client-a : aa36'),(18856,'client-a : aa37'),(18857,'client-a : aa38'),(18858,'client-a : aa39'),(18859,'client-a : aa40'),(18860,'client-a : aa41'),(18861,'client-a : aa42'),(18862,'client-a : aa43'),(18863,'client-a : aa44'),(18864,'client-a : aa45'),(18865,'client-a : aa46'),(18866,'client-a : aa47'),(18867,'client-a : aa48'),(18868,'client-a : aa49'),(18869,'client-a : aa50'),(18870,'client-a : aa51'),(18871,'client-a : aa52'),(18872,'client-a : aa53'),(18873,'client-a : aa54'),(18874,'client-a : aa55'),(18875,'client-a : aa56'),(18876,'client-a : aa57'),(18877,'client-a : aa58'),(18878,'client-a : aa59'),(18879,'client-a : aa60'),(18880,'client-a : aa61'),(18881,'client-a : aa62'),(18882,'client-a : aa63'),(18883,'client-a : aa64'),(18884,'client-a : aa65'),(18885,'client-a : aa66'),(18886,'client-a : aa67'),(18887,'client-a : aa68'),(18888,'client-a : aa69'),(18889,'client-a : aa70'),(18890,'client-a : aa71'),(18891,'client-a : aa72'),(18892,'client-a : aa73'),(18893,'client-a : aa74'),(18894,'client-a : aa75'),(18895,'client-a : aa76'),(18896,'client-a : aa77'),(18897,'client-a : aa78'),(18898,'client-a : aa79'),(18899,'client-a : aa80'),(18900,'client-a : aa81'),(18901,'client-a : aa82'),(18902,'client-a : aa83'),(18903,'client-a : aa84'),(18904,'client-a : aa85'),(18905,'client-a : aa86'),(18906,'client-a : aa87'),(18907,'client-a : aa88'),(18908,'client-a : aa89'),(18909,'client-a : aa90'),(18910,'client-a : aa91'),(18911,'client-a : aa92'),(18912,'client-a : aa93'),(18913,'client-a : aa94'),(18914,'client-a : aa95'),(18915,'client-a : aa96'),(18916,'client-a : aa97'),(18917,'client-a : aa98'),(18918,'client-a : aa99'),(18919,'client-a : aa100'),(18920,'client-a : aa101'),(18921,'client-a : aa102'),(18922,'client-a : aa103'),(18923,'client-a : aa104'),(18924,'client-a : aa105'),(18925,'client-a : aa106'),(18926,'client-a : aa107'),(18927,'client-a : aa108'),(18928,'client-a : aa109'),(18929,'client-a : aa110'),(18930,'client-a : aa111'),(18931,'client-a : aa112'),(18932,'client-a : aa113'),(18933,'client-a : aa114'),(18934,'client-a : aa115'),(18935,'client-a : aa116'),(18936,'client-a : aa117'),(18937,'client-a : aa118'),(18938,'client-a : aa119'),(18939,'client-a : aa120'),(18940,'client-a : aa121'),(18941,'client-a : aa122'),(18942,'client-a : aa123'),(18943,'client-a : aa124'),(18944,'client-a : aa125'),(18945,'client-a : aa126'),(18946,'client-a : aa127'),(18947,'client-a : aa128'),(18948,'client-a : aa129'),(18949,'client-a : aa130'),(18950,'client-a : aa131'),(18951,'client-a : aa132'),(18952,'client-a : aa133'),(18953,'client-a : aa134'),(18954,'client-a : aa135'),(18955,'client-a : aa136'),(18956,'client-a : aa137'),(18957,'client-a : aa138'),(18958,'client-a : aa139'),(18959,'client-a : aa140'),(18960,'client-a : aa141'),(18961,'client-a : aa142'),(18962,'client-a : aa143'),(18963,'client-a : aa144'),(18964,'client-a : aa145'),(18965,'client-a : aa146'),(18966,'client-a : aa147'),(18967,'client-a : aa148'),(18968,'client-a : aa149'),(18969,'client-a : aa150'),(18970,'client-a : aa151'),(18971,'client-a : aa152'),(18972,'client-a : aa153'),(18973,'client-a : aa154'),(18974,'client-a : aa155'),(18975,'client-a : aa156'),(18976,'client-a : aa157'),(18977,'client-a : aa158'),(18978,'client-a : aa159'),(18979,'client-a : aa160'),(18980,'client-a : aa161'),(18981,'client-a : aa162'),(18982,'client-a : aa163'),(18983,'client-a : aa164'),(18984,'client-a : aa165'),(18985,'client-a : aa166'),(18986,'client-a : aa167'),(18987,'client-a : aa168'),(18988,'client-a : aa169'),(18989,'client-a : aa170'),(18990,'client-a : aa171'),(18991,'client-a : aa172'),(18992,'client-a : aa173'),(18993,'client-a : aa174'),(18994,'client-a : aa175'),(18995,'client-a : aa176'),(18996,'client-a : aa177'),(18997,'client-a : aa178'),(18998,'client-a : aa179'),(18999,'client-a : aa180'),(19000,'client-a : aa181'),(19001,'client-a : aa182'),(19002,'client-a : aa183'),(19003,'client-a : aa184'),(19004,'client-a : aa185'),(19005,'client-a : aa186'),(19006,'client-a : aa187'),(19007,'client-a : aa188'),(19008,'client-a : aa189'),(19009,'client-a : aa190'),(19010,'client-a : aa191'),(19011,'client-a : aa192'),(19012,'client-a : aa193'),(19013,'client-a : aa194'),(19014,'client-a : aa195'),(19015,'client-a : aa196'),(19016,'client-a : aa197'),(19017,'client-a : aa198'),(19018,'client-a : aa199'),(19019,'client-a : aa200'),(19020,'client-a : aa201'),(19021,'client-a : aa202'),(19022,'client-a : aa203'),(19023,'client-a : aa204'),(19024,'client-a : aa205'),(19025,'client-a : aa206'),(19026,'client-a : aa207'),(19027,'client-a : aa208'),(19028,'client-a : aa209'),(19029,'client-a : aa210'),(19030,'client-a : aa211'),(19031,'client-a : aa212'),(19032,'client-a : aa213'),(19033,'client-a : aa214'),(19034,'client-a : aa215'),(19035,'client-a : aa216'),(19036,'client-a : aa217'),(19037,'client-a : aa218'),(19038,'client-a : aa219'),(19039,'client-a : aa220'),(19040,'client-a : aa221'),(19041,'client-a : aa222'),(19042,'client-a : aa223'),(19043,'client-a : aa224'),(19044,'client-a : aa225'),(19045,'client-a : aa226'),(19046,'client-a : aa227'),(19047,'client-a : aa228'),(19048,'client-a : aa229'),(19049,'client-a : aa230'),(19050,'client-a : aa231'),(19051,'client-a : aa232'),(19052,'client-a : aa233'),(19053,'client-a : aa234'),(19054,'client-a : aa235'),(19055,'client-a : aa236'),(19056,'client-a : aa237'),(19057,'client-a : aa238'),(19058,'client-a : aa239'),(19059,'client-a : aa240'),(19060,'client-a : aa241'),(19061,'client-a : aa242'),(19062,'client-a : aa243'),(19063,'client-a : aa244'),(19064,'client-a : aa245'),(19065,'client-a : aa246'),(19066,'client-a : aa247'),(19067,'client-a : aa248'),(19068,'client-a : aa249'),(19069,'client-a : aa250'),(19070,'client-a : aa251'),(19071,'client-a : aa252'),(19072,'client-a : aa253'),(19073,'client-a : aa254'),(19074,'client-a : aa255'),(19075,'client-a : aa256'),(19076,'client-a : aa257'),(19077,'client-a : aa258'),(19078,'client-a : aa259'),(19079,'client-a : aa260'),(19080,'client-a : aa261'),(19081,'client-a : aa262'),(19082,'client-a : aa263'),(19083,'client-a : aa264'),(19084,'client-a : aa265'),(19085,'client-a : aa266'),(19086,'client-a : aa267'),(19087,'client-a : aa268'),(19088,'client-a : aa269'),(19089,'client-a : aa270'),(19090,'client-a : aa271'),(19091,'client-a : aa272'),(19092,'client-a : aa273'),(19093,'client-a : aa274'),(19094,'client-a : aa275'),(19095,'client-a : aa276'),(19096,'client-a : aa277'),(19097,'client-a : aa278'),(19098,'client-a : aa279'),(19099,'client-a : aa280'),(19100,'client-a : aa281'),(19101,'client-a : aa282'),(19102,'client-a : aa283'),(19103,'client-a : aa284'),(19104,'client-a : aa285'),(19105,'client-a : aa286'),(19106,'client-a : aa287'),(19107,'client-a : aa288'),(19108,'client-a : aa289'),(19109,'client-a : aa290'),(19110,'client-a : aa291'),(19111,'client-a : aa292'),(19112,'client-a : aa293'),(19113,'client-a : aa294'),(19114,'client-a : aa295'),(19115,'client-a : aa296'),(19116,'client-a : aa297'),(19117,'client-a : aa298'),(19118,'client-a : aa299'),(19119,'client-a : aa300'),(19120,'client-a : aa301'),(19121,'client-a : aa302'),(19122,'client-a : aa303'),(19123,'client-a : aa304'),(19124,'client-a : aa305'),(19125,'client-a : aa306'),(19126,'client-a : aa307'),(19127,'client-a : aa308'),(19128,'client-a : aa309'),(19129,'client-a : aa310'),(19130,'client-a : aa311'),(19131,'client-a : aa312'),(19132,'client-a : aa313'),(19133,'client-a : aa314'),(19134,'client-a : aa315'),(19135,'client-a : aa316'),(19136,'client-a : aa317'),(19137,'client-a : aa318'),(19138,'client-a : aa319'),(19139,'client-a : aa320'),(19140,'client-a : aa321'),(19141,'client-a : aa322'),(19142,'client-a : aa323'),(19143,'client-a : aa324'),(19144,'client-a : aa325'),(19145,'client-a : aa326'),(19146,'client-a : aa327'),(19147,'client-a : aa328'),(19148,'client-a : aa329'),(19149,'client-a : aa330'),(19150,'client-a : aa331'),(19151,'client-a : aa332'),(19152,'client-a : aa333'),(19153,'client-a : aa334'),(19154,'client-a : aa335'),(19155,'client-a : aa336'),(19156,'client-a : aa337'),(19157,'client-a : aa338'),(19158,'client-a : aa339'),(19159,'client-a : aa340'),(19160,'client-a : aa341'),(19161,'client-a : aa342'),(19162,'client-a : aa343'),(19163,'client-a : aa344'),(19164,'client-a : aa345'),(19165,'client-a : aa346'),(19166,'client-a : aa347'),(19167,'client-a : aa348'),(19168,'client-a : aa349'),(19169,'client-a : aa350'),(19170,'client-a : aa351'),(19171,'client-a : aa352'),(19172,'client-a : aa353'),(19173,'client-a : aa354'),(19174,'client-a : aa355'),(19175,'client-a : aa356'),(19176,'client-a : aa357'),(19177,'client-a : aa358'),(19178,'client-a : aa359'),(19179,'client-a : aa360'),(19180,'client-a : aa361'),(19181,'client-a : aa362'),(19182,'client-a : aa363'),(19183,'client-a : aa364'),(19184,'client-a : aa365'),(19185,'client-a : aa366'),(19186,'client-a : aa367'),(19187,'client-a : aa368'),(19188,'client-a : aa369'),(19189,'client-a : aa370'),(19190,'client-a : aa371'),(19191,'client-a : aa372'),(19192,'client-a : aa373'),(19193,'client-a : aa374'),(19194,'client-a : aa375'),(19195,'client-a : aa376'),(19196,'client-a : aa377'),(19197,'client-a : aa378'),(19198,'client-a : aa379'),(19199,'client-a : aa380'),(19200,'client-a : aa381'),(19201,'client-a : aa382'),(19202,'client-a : aa383'),(19203,'client-a : aa384'),(19204,'client-a : aa385'),(19205,'client-a : aa386'),(19206,'client-a : aa387'),(19207,'client-a : aa388'),(19208,'client-a : aa389'),(19209,'client-a : aa390'),(19210,'client-a : aa391'),(19211,'client-a : aa392'),(19212,'client-a : aa393'),(19213,'client-a : aa394'),(19214,'client-a : aa395'),(19215,'client-a : aa396'),(19216,'client-a : aa397'),(19217,'client-a : aa398'),(19218,'client-a : aa399'),(19219,'client-a : aa400'),(19220,'client-a : aa401'),(19221,'client-a : aa402'),(19222,'client-a : aa403'),(19223,'client-a : aa404'),(19224,'client-a : aa405'),(19225,'client-a : aa406'),(19226,'client-a : aa407'),(19227,'client-a : aa408'),(19228,'client-a : aa409'),(19229,'client-a : aa410'),(19230,'client-a : aa411'),(19231,'client-a : aa412'),(19232,'client-a : aa413'),(19233,'client-a : aa414'),(19234,'client-a : aa415'),(19235,'client-a : aa416'),(19236,'client-a : aa417'),(19237,'client-a : aa418'),(19238,'client-a : aa419'),(19239,'client-a : aa420'),(19240,'client-a : aa421'),(19241,'client-a : aa422'),(19242,'client-a : aa423'),(19243,'client-a : aa424'),(19244,'client-a : aa425'),(19245,'client-a : aa426'),(19246,'client-a : aa427'),(19247,'client-a : aa428'),(19248,'client-a : aa429'),(19249,'client-a : aa430'),(19250,'client-a : aa431'),(19251,'client-a : aa432'),(19252,'client-a : aa433'),(19253,'client-a : aa434'),(19254,'client-a : aa435'),(19255,'client-a : aa436'),(19256,'client-a : aa437'),(19257,'client-a : aa438'),(19258,'client-a : aa439'),(19259,'client-a : aa440'),(19260,'client-a : aa441'),(19261,'client-a : aa442'),(19262,'client-a : aa443'),(19263,'client-a : aa444'),(19264,'client-a : aa445'),(19265,'client-a : aa446'),(19266,'client-a : aa447'),(19267,'client-a : aa448'),(19268,'client-a : aa449'),(19269,'client-a : aa450'),(19270,'client-a : aa451'),(19271,'client-a : aa452'),(19272,'client-a : aa453'),(19273,'client-a : aa454'),(19274,'client-a : aa455'),(19275,'client-a : aa456'),(19276,'client-a : aa457'),(19277,'client-a : aa458'),(19278,'client-a : aa459'),(19279,'client-a : aa460'),(19280,'client-a : aa461'),(19281,'client-a : aa462'),(19282,'client-a : aa463'),(19283,'client-a : aa464'),(19284,'client-a : aa465'),(19285,'client-a : aa466'),(19286,'client-a : aa467'),(19287,'client-a : aa468'),(19288,'client-a : aa469'),(19289,'client-a : aa470'),(19290,'client-a : aa471'),(19291,'client-a : aa472'),(19292,'client-a : aa473'),(19293,'client-a : aa474'),(19294,'client-a : aa475'),(19295,'client-a : aa476'),(19296,'client-a : aa477'),(19297,'client-a : aa478'),(19298,'client-a : aa479'),(19299,'client-a : aa480'),(19300,'client-a : aa481'),(19301,'client-a : aa482'),(19302,'client-a : aa483'),(19303,'client-a : aa484'),(19304,'client-a : aa485'),(19305,'client-a : aa486'),(19306,'client-a : aa487'),(19307,'client-a : aa488'),(19308,'client-a : aa489'),(19309,'client-a : aa490'),(19310,'client-a : aa491'),(19311,'client-a : aa492'),(19312,'client-a : aa493'),(19313,'client-a : aa494'),(19314,'client-a : aa495'),(19315,'client-a : aa496'),(19316,'client-a : aa497'),(19317,'client-a : aa498'),(19318,'client-a : aa499'),(19319,'client-a : aa500'),(19320,'client-a : aa501'),(19321,'client-a : aa502'),(19322,'client-a : aa503'),(19323,'client-a : aa504'),(19324,'client-a : aa505'),(19325,'client-a : aa506'),(19326,'client-a : aa507'),(19327,'client-a : aa508'),(19328,'client-a : aa509'),(19329,'client-a : aa510'),(19330,'client-a : aa511'),(19331,'client-a : aa512'),(19332,'client-a : aa513'),(19333,'client-a : aa514'),(19334,'client-a : aa515'),(19335,'client-a : aa516'),(19336,'client-a : aa517'),(19337,'client-a : aa518'),(19338,'client-a : aa519'),(19339,'client-a : aa520'),(19340,'client-a : aa521'),(19341,'client-a : aa522'),(19342,'client-a : aa523'),(19343,'client-a : aa524'),(19344,'client-a : aa525'),(19345,'client-a : aa526'),(19346,'client-a : aa527'),(19347,'client-a : aa528'),(19348,'client-a : aa529'),(19349,'client-a : aa530'),(19350,'client-a : aa531'),(19351,'client-a : aa532'),(19352,'client-a : aa533'),(19353,'client-a : aa534'),(19354,'client-a : aa535'),(19355,'client-a : aa536'),(19356,'client-a : aa537'),(19357,'client-a : aa538'),(19358,'client-a : aa539'),(19359,'client-a : aa540'),(19360,'client-a : aa541'),(19361,'client-a : aa542'),(19362,'client-a : aa543'),(19363,'client-a : aa544'),(19364,'client-a : aa545'),(19365,'client-a : aa546'),(19366,'client-a : aa547'),(19367,'client-a : aa548'),(19368,'client-a : aa549'),(19369,'client-a : aa550'),(19370,'client-a : aa551'),(19371,'client-a : aa552'),(19372,'client-a : aa553'),(19373,'client-a : aa554'),(19374,'client-a : aa555'),(19375,'client-a : aa556'),(19376,'client-a : aa557'),(19377,'client-a : aa558'),(19378,'client-a : aa559'),(19379,'client-a : aa560'),(19380,'client-a : aa561'),(19381,'client-a : aa562'),(19382,'client-a : aa563'),(19383,'client-a : aa564'),(19384,'client-a : aa565'),(19385,'client-a : aa566'),(19386,'client-a : aa567'),(19387,'client-a : aa568'),(19388,'client-a : aa569'),(19389,'client-a : aa570'),(19390,'client-a : aa571'),(19391,'client-a : aa572'),(19392,'client-a : aa573'),(19393,'client-a : aa574'),(19394,'client-a : aa575'),(19395,'client-a : aa576'),(19396,'client-a : aa577'),(19397,'client-a : aa578'),(19398,'client-a : aa579'),(19399,'client-a : aa580'),(19400,'client-a : aa581'),(19401,'client-a : aa582'),(19402,'client-a : aa583'),(19403,'client-a : aa584'),(19404,'client-a : aa585'),(19405,'client-a : aa586'),(19406,'client-a : aa587'),(19407,'client-a : aa588'),(19408,'client-a : aa589'),(19409,'client-a : aa590'),(19410,'client-a : aa591'),(19411,'client-a : aa592'),(19412,'client-a : aa593'),(19413,'client-a : aa594'),(19414,'client-a : aa595'),(19415,'client-a : aa596'),(19416,'client-a : aa597'),(19417,'client-a : aa598'),(19418,'client-a : aa599'),(19419,'client-a : aa600'),(19420,'client-a : aa601'),(19421,'client-a : aa602'),(19422,'client-a : aa603'),(19423,'client-a : aa604'),(19424,'client-a : aa605'),(19425,'client-a : aa606'),(19426,'client-a : aa607'),(19427,'client-a : aa608'),(19428,'client-a : aa609'),(19429,'client-a : aa610'),(19430,'client-a : aa611'),(19431,'client-a : aa612'),(19432,'client-a : aa613'),(19433,'client-a : aa614'),(19434,'client-a : aa615'),(19435,'client-a : aa616'),(19436,'client-a : aa617'),(19437,'client-a : aa618'),(19438,'client-a : aa619'),(19439,'client-a : aa620'),(19440,'client-a : aa621'),(19441,'client-a : aa622'),(19442,'client-a : aa623'),(19443,'client-a : aa624'),(19444,'client-a : aa625'),(19445,'client-a : aa626'),(19446,'client-a : aa627'),(19447,'client-a : aa628'),(19448,'client-a : aa629'),(19449,'client-a : aa630'),(19450,'client-a : aa631'),(19451,'client-a : aa632'),(19452,'client-a : aa633'),(19453,'client-a : aa634'),(19454,'client-a : aa635'),(19455,'client-a : aa636'),(19456,'client-a : aa637'),(19457,'client-a : aa638'),(19458,'client-a : aa639'),(19459,'client-a : aa640'),(19460,'client-a : aa641'),(19461,'client-a : aa642'),(19462,'client-a : aa643'),(19463,'client-a : aa644'),(19464,'client-a : aa645'),(19465,'client-a : aa646'),(19466,'client-a : aa647'),(19467,'client-a : aa648'),(19468,'client-a : aa649'),(19469,'client-a : aa650'),(19470,'client-a : aa651'),(19471,'client-a : aa652'),(19472,'client-a : aa653'),(19473,'client-a : aa654'),(19474,'client-a : aa655'),(19475,'client-a : aa656'),(19476,'client-a : aa657'),(19477,'client-a : aa658'),(19478,'client-a : aa659'),(19479,'client-a : aa660'),(19480,'client-a : aa661'),(19481,'client-a : aa662'),(19482,'client-a : aa663'),(19483,'client-a : aa664'),(19484,'client-a : aa665'),(19485,'client-a : aa666'),(19486,'client-a : aa667'),(19487,'client-a : aa668'),(19488,'client-a : aa669'),(19489,'client-a : aa670'),(19490,'client-a : aa671'),(19491,'client-a : aa672'),(19492,'client-a : aa673'),(19493,'client-a : aa674'),(19494,'client-a : aa675'),(19495,'client-a : aa676'),(19496,'client-a : aa677'),(19497,'client-a : aa678'),(19498,'client-a : aa679'),(19499,'client-a : aa680'),(19500,'client-a : aa681'),(19501,'client-a : aa682'),(19502,'client-a : aa683'),(19503,'client-a : aa684'),(19504,'client-a : aa685'),(19505,'client-a : aa686'),(19506,'client-a : aa687'),(19507,'client-a : aa688'),(19508,'client-a : aa689'),(19509,'client-a : aa690'),(19510,'client-a : aa691'),(19511,'client-a : aa692'),(19512,'client-a : aa693'),(19513,'client-a : aa694'),(19514,'client-a : aa695'),(19515,'client-a : aa696'),(19516,'client-a : aa697'),(19517,'client-a : aa698'),(19518,'client-a : aa699'),(19519,'client-a : aa700'),(19520,'client-a : aa701'),(19521,'client-a : aa702'),(19522,'client-a : aa703'),(19523,'client-a : aa704'),(19524,'client-a : aa705'),(19525,'client-a : aa706'),(19526,'client-a : aa707'),(19527,'client-a : aa708'),(19528,'client-a : aa709'),(19529,'client-a : aa710'),(19530,'client-a : aa711'),(19531,'client-a : aa712'),(19532,'client-a : aa713'),(19533,'client-a : aa714'),(19534,'client-a : aa715'),(19535,'client-a : aa716'),(19536,'client-a : aa717'),(19537,'client-a : aa718'),(19538,'client-a : aa719'),(19539,'client-a : aa720'),(19540,'client-a : aa721'),(19541,'client-a : aa722'),(19542,'client-a : aa723'),(19543,'client-a : aa724'),(19544,'client-a : aa725'),(19545,'client-a : aa726'),(19546,'client-a : aa727'),(19547,'client-a : aa728'),(19548,'client-a : aa729'),(19549,'client-a : aa730'),(19550,'client-a : aa731'),(19551,'client-a : aa732'),(19552,'client-a : aa733'),(19553,'client-a : aa734'),(19554,'client-a : aa735'),(19555,'client-a : aa736'),(19556,'client-a : aa737'),(19557,'client-a : aa738'),(19558,'client-a : aa739'),(19559,'client-a : aa740'),(19560,'client-a : aa741'),(19561,'client-a : aa742'),(19562,'client-a : aa743'),(19563,'client-a : aa744'),(19564,'client-a : aa745'),(19565,'client-a : aa746'),(19566,'client-a : aa747'),(19567,'client-a : aa748'),(19568,'client-a : aa749'),(19569,'client-a : aa750'),(19570,'client-a : aa751'),(19571,'client-a : aa752'),(19572,'client-a : aa753'),(19573,'client-a : aa754'),(19574,'client-a : aa755'),(19575,'client-a : aa756'),(19576,'client-a : aa757'),(19577,'client-a : aa758'),(19578,'client-a : aa759'),(19579,'client-a : aa760'),(19580,'client-a : aa761'),(19581,'client-a : aa762'),(19582,'client-a : aa763'),(19583,'client-a : aa764'),(19584,'client-a : aa765'),(19585,'client-a : aa766'),(19586,'client-a : aa767'),(19587,'client-a : aa768'),(19588,'client-a : aa769'),(19589,'client-a : aa770'),(19590,'client-a : aa771'),(19591,'client-a : aa772'),(19592,'client-a : aa773'),(19593,'client-a : aa774'),(19594,'client-a : aa775'),(19595,'client-a : aa776'),(19596,'client-a : aa777'),(19597,'client-a : aa778'),(19598,'client-a : aa779'),(19599,'client-a : aa780'),(19600,'client-a : aa781'),(19601,'client-a : aa782'),(19602,'client-a : aa783'),(19603,'client-a : aa784'),(19604,'client-a : aa785'),(19605,'client-a : aa786'),(19606,'client-a : aa787'),(19607,'client-a : aa788'),(19608,'client-a : aa789'),(19609,'client-a : aa790'),(19610,'client-a : aa791'),(19611,'client-a : aa792'),(19612,'client-a : aa793'),(19613,'client-a : aa794'),(19614,'client-a : aa795'),(19615,'client-a : aa796'),(19616,'client-a : aa797'),(19617,'client-a : aa798'),(19618,'client-a : aa799'),(19619,'client-a : aa800'),(19620,'client-a : aa801'),(19621,'client-a : aa802'),(19622,'client-a : aa803'),(19623,'client-a : aa804'),(19624,'client-a : aa805'),(19625,'client-a : aa806'),(19626,'client-a : aa807'),(19627,'client-a : aa808'),(19628,'client-a : aa809'),(19629,'client-a : aa810'),(19630,'client-a : aa811'),(19631,'client-a : aa812'),(19632,'client-a : aa813'),(19633,'client-a : aa814'),(19634,'client-a : aa815'),(19635,'client-a : aa816'),(19636,'client-a : aa817'),(19637,'client-a : aa818'),(19638,'client-a : aa819'),(19639,'client-a : aa820'),(19640,'client-a : aa821'),(19641,'client-a : aa822'),(19642,'client-a : aa823'),(19643,'client-a : aa824'),(19644,'client-a : aa825'),(19645,'client-a : aa826'),(19646,'client-a : aa827'),(19647,'client-a : aa828'),(19648,'client-a : aa829'),(19649,'client-a : aa830'),(19650,'client-a : aa831'),(19651,'client-a : aa832'),(19652,'client-a : aa833'),(19653,'client-a : aa834'),(19654,'client-a : aa835'),(19655,'client-a : aa836'),(19656,'client-a : aa837'),(19657,'client-a : aa838'),(19658,'client-a : aa839'),(19659,'client-a : aa840'),(19660,'client-a : aa841'),(19661,'client-a : aa842'),(19662,'client-a : aa843'),(19663,'client-a : aa844'),(19664,'client-a : aa845'),(19665,'client-a : aa846'),(19666,'client-a : aa847'),(19667,'client-a : aa848'),(19668,'client-a : aa849'),(19669,'client-a : aa850'),(19670,'client-a : aa851'),(19671,'client-a : aa852'),(19672,'client-a : aa853'),(19673,'client-a : aa854'),(19674,'client-a : aa855'),(19675,'client-a : aa856'),(19676,'client-a : aa857'),(19677,'client-a : aa858'),(19678,'client-a : aa859'),(19679,'client-a : aa860'),(19680,'client-a : aa861'),(19681,'client-a : aa862'),(19682,'client-a : aa863'),(19683,'client-a : aa864'),(19684,'client-a : aa865'),(19685,'client-a : aa866'),(19686,'client-a : aa867'),(19687,'client-a : aa868'),(19688,'client-a : aa869'),(19689,'client-a : aa870'),(19690,'client-a : aa871'),(19691,'client-a : aa872'),(19692,'client-a : aa873'),(19693,'client-a : aa874'),(19694,'client-a : aa875'),(19695,'client-a : aa876'),(19696,'client-a : aa877'),(19697,'client-a : aa878'),(19698,'client-a : aa879'),(19699,'client-a : aa880'),(19700,'client-a : aa881'),(19701,'client-a : aa882'),(19702,'client-a : aa883'),(19703,'client-a : aa884'),(19704,'client-a : aa885'),(19705,'client-a : aa886'),(19706,'client-a : aa887'),(19707,'client-a : aa888'),(19708,'client-a : aa889'),(19709,'client-a : aa890'),(19710,'client-a : aa891'),(19711,'client-a : aa892'),(19712,'client-a : aa893'),(19713,'client-a : aa894'),(19714,'client-a : aa895'),(19715,'client-a : aa896'),(19716,'client-a : aa897'),(19717,'client-a : aa898'),(19718,'client-a : aa899'),(19719,'client-a : aa900'),(19720,'client-a : aa901'),(19721,'client-a : aa902'),(19722,'client-a : aa903'),(19723,'client-a : aa904'),(19724,'client-a : aa905'),(19725,'client-a : aa906'),(19726,'client-a : aa907'),(19727,'client-a : aa908'),(19728,'client-a : aa909'),(19729,'client-a : aa910'),(19730,'client-a : aa911'),(19731,'client-a : aa912'),(19732,'client-a : aa913'),(19733,'client-a : aa914'),(19734,'client-a : aa915'),(19735,'client-a : aa916'),(19736,'client-a : aa917'),(19737,'client-a : aa918'),(19738,'client-a : aa919'),(19739,'client-a : aa920'),(19740,'client-a : aa921'),(19741,'client-a : aa922'),(19742,'client-a : aa923'),(19743,'client-a : aa924'),(19744,'client-a : aa925'),(19745,'client-a : aa926'),(19746,'client-a : aa927'),(19747,'client-a : aa928'),(19748,'client-a : aa929'),(19749,'client-a : aa930'),(19750,'client-a : aa931'),(19751,'client-a : aa932'),(19752,'client-a : aa933'),(19753,'client-a : aa934'),(19754,'client-a : aa935'),(19755,'client-a : aa936'),(19756,'client-a : aa937'),(19757,'client-a : aa938'),(19758,'client-a : aa939'),(19759,'client-a : aa940'),(19760,'client-a : aa941'),(19761,'client-a : aa942'),(19762,'client-a : aa943'),(19763,'client-a : aa944'),(19764,'client-a : aa945'),(19765,'client-a : aa946'),(19766,'client-a : aa947'),(19767,'client-a : aa948'),(19768,'client-a : aa949'),(19769,'client-a : aa950'),(19770,'client-a : aa951'),(19771,'client-a : aa952'),(19772,'client-a : aa953'),(19773,'client-a : aa954'),(19774,'client-a : aa955'),(19775,'client-a : aa956'),(19776,'client-a : aa957'),(19777,'client-a : aa958'),(19778,'client-a : aa959'),(19779,'client-a : aa960'),(19780,'client-a : aa961'),(19781,'client-a : aa962'),(19782,'client-a : aa963'),(19783,'client-a : aa964'),(19784,'client-a : aa965'),(19785,'client-a : aa966'),(19786,'client-a : aa967'),(19787,'client-a : aa968'),(19788,'client-a : aa969'),(19789,'client-a : aa970'),(19790,'client-a : aa971'),(19791,'client-a : aa972'),(19792,'client-a : aa973'),(19793,'client-a : aa974'),(19794,'client-a : aa975'),(19795,'client-a : aa976'),(19796,'client-a : aa977'),(19797,'client-a : aa978'),(19798,'client-a : aa979'),(19799,'client-a : aa980'),(19800,'client-a : aa981'),(19801,'client-a : aa982'),(19802,'client-a : aa983'),(19803,'client-a : aa984'),(19804,'client-a : aa985'),(19805,'client-a : aa986'),(19806,'client-a : aa987'),(19807,'client-a : aa988'),(19808,'client-a : aa989'),(19809,'client-a : aa990'),(19810,'client-a : aa991'),(19811,'client-a : aa992'),(19812,'client-a : aa993'),(19813,'client-a : aa994'),(19814,'client-a : aa995'),(19815,'client-a : aa996'),(19816,'client-a : aa997'),(19817,'client-a : aa998'),(19818,'client-a : aa999'),(19819,'client-a : aa0'),(19820,'client-a : aa1'),(19821,'client-a : aa2'),(19822,'client-a : aa3'),(19823,'client-a : aa4'),(19824,'client-a : aa5'),(19825,'client-a : aa6'),(19826,'client-a : aa7'),(19827,'client-a : aa8'),(19828,'client-a : aa9'),(19829,'client-a : aa10'),(19830,'client-a : aa11'),(19831,'client-a : aa12'),(19832,'client-a : aa13'),(19833,'client-a : aa14'),(19834,'client-a : aa15'),(19835,'client-a : aa16'),(19836,'client-a : aa17'),(19837,'client-a : aa18'),(19838,'client-a : aa19'),(19839,'client-a : aa20'),(19840,'client-a : aa21'),(19841,'client-a : aa22'),(19842,'client-a : aa23'),(19843,'client-a : aa24'),(19844,'client-a : aa25'),(19845,'client-a : aa26'),(19846,'client-a : aa27'),(19847,'client-a : aa28'),(19848,'client-a : aa29'),(19849,'client-a : aa30'),(19850,'client-a : aa31'),(19851,'client-a : aa32'),(19852,'client-a : aa33'),(19853,'client-a : aa34'),(19854,'client-a : aa35'),(19855,'client-a : aa36'),(19856,'client-a : aa37'),(19857,'client-a : aa38'),(19858,'client-a : aa39'),(19859,'client-a : aa40'),(19860,'client-a : aa41'),(19861,'client-a : aa42'),(19862,'client-a : aa43'),(19863,'client-a : aa44'),(19864,'client-a : aa45'),(19865,'client-a : aa46'),(19866,'client-a : aa47'),(19867,'client-a : aa48'),(19868,'client-a : aa49'),(19869,'client-a : aa50'),(19870,'client-a : aa51'),(19871,'client-a : aa52'),(19872,'client-a : aa53'),(19873,'client-a : aa54'),(19874,'client-a : aa55'),(19875,'client-a : aa56'),(19876,'client-a : aa57'),(19877,'client-a : aa58'),(19878,'client-a : aa59'),(19879,'client-a : aa60'),(19880,'client-a : aa61'),(19881,'client-a : aa62'),(19882,'client-a : aa63'),(19883,'client-a : aa64'),(19884,'client-a : aa65'),(19885,'client-a : aa66'),(19886,'client-a : aa67'),(19887,'client-a : aa68'),(19888,'client-a : aa69'),(19889,'client-a : aa70'),(19890,'client-a : aa71'),(19891,'client-a : aa72'),(19892,'client-a : aa73'),(19893,'client-a : aa74'),(19894,'client-a : aa75'),(19895,'client-a : aa76'),(19896,'client-a : aa77'),(19897,'client-a : aa78'),(19898,'client-a : aa79'),(19899,'client-a : aa80'),(19900,'client-a : aa81'),(19901,'client-a : aa82'),(19902,'client-a : aa83'),(19903,'client-a : aa84'),(19904,'client-a : aa85'),(19905,'client-a : aa86'),(19906,'client-a : aa87'),(19907,'client-a : aa88'),(19908,'client-a : aa89'),(19909,'client-a : aa90'),(19910,'client-a : aa91'),(19911,'client-a : aa92'),(19912,'client-a : aa93'),(19913,'client-a : aa94'),(19914,'client-a : aa95'),(19915,'client-a : aa96'),(19916,'client-a : aa97'),(19917,'client-a : aa98'),(19918,'client-a : aa99'),(19919,'client-a : aa100'),(19920,'client-a : aa101'),(19921,'client-a : aa102'),(19922,'client-a : aa103'),(19923,'client-a : aa104'),(19924,'client-a : aa105'),(19925,'client-a : aa106'),(19926,'client-a : aa107'),(19927,'client-a : aa108'),(19928,'client-a : aa109'),(19929,'client-a : aa110'),(19930,'client-a : aa111'),(19931,'client-a : aa112'),(19932,'client-a : aa113'),(19933,'client-a : aa114'),(19934,'client-a : aa115'),(19935,'client-a : aa116'),(19936,'client-a : aa117'),(19937,'client-a : aa118'),(19938,'client-a : aa119'),(19939,'client-a : aa120'),(19940,'client-a : aa121'),(19941,'client-a : aa122'),(19942,'client-a : aa123'),(19943,'client-a : aa124'),(19944,'client-a : aa125'),(19945,'client-a : aa126'),(19946,'client-a : aa127'),(19947,'client-a : aa128'),(19948,'client-a : aa129'),(19949,'client-a : aa130'),(19950,'client-a : aa131'),(19951,'client-a : aa132'),(19952,'client-a : aa133'),(19953,'client-a : aa134'),(19954,'client-a : aa135'),(19955,'client-a : aa136'),(19956,'client-a : aa137'),(19957,'client-a : aa138'),(19958,'client-a : aa139'),(19959,'client-a : aa140'),(19960,'client-a : aa141'),(19961,'client-a : aa142'),(19962,'client-a : aa143'),(19963,'client-a : aa144'),(19964,'client-a : aa145'),(19965,'client-a : aa146'),(19966,'client-a : aa147'),(19967,'client-a : aa148'),(19968,'client-a : aa149'),(19969,'client-a : aa150'),(19970,'client-a : aa151'),(19971,'client-a : aa152'),(19972,'client-a : aa153'),(19973,'client-a : aa154'),(19974,'client-a : aa155'),(19975,'client-a : aa156'),(19976,'client-a : aa157'),(19977,'client-a : aa158'),(19978,'client-a : aa159'),(19979,'client-a : aa160'),(19980,'client-a : aa161'),(19981,'client-a : aa162'),(19982,'client-a : aa163'),(19983,'client-a : aa164'),(19984,'client-a : aa165'),(19985,'client-a : aa166'),(19986,'client-a : aa167'),(19987,'client-a : aa168'),(19988,'client-a : aa169'),(19989,'client-a : aa170'),(19990,'client-a : aa171'),(19991,'client-a : aa172'),(19992,'client-a : aa173'),(19993,'client-a : aa174'),(19994,'client-a : aa175'),(19995,'client-a : aa176'),(19996,'client-a : aa177'),(19997,'client-a : aa178'),(19998,'client-a : aa179'),(19999,'client-a : aa180'),(20000,'client-a : aa181'),(20001,'client-a : aa182'),(20002,'client-a : aa183'),(20003,'client-a : aa184'),(20004,'client-a : aa185'),(20005,'client-a : aa186'),(20006,'client-a : aa187'),(20007,'client-a : aa188'),(20008,'client-a : aa189'),(20009,'client-a : aa190'),(20010,'client-a : aa191'),(20011,'client-a : aa192'),(20012,'client-a : aa193'),(20013,'client-a : aa194'),(20014,'client-a : aa195'),(20015,'client-a : aa196'),(20016,'client-a : aa197'),(20017,'client-a : aa198'),(20018,'client-a : aa199'),(20019,'client-a : aa200'),(20020,'client-a : aa201'),(20021,'client-a : aa202'),(20022,'client-a : aa203'),(20023,'client-a : aa204'),(20024,'client-a : aa205'),(20025,'client-a : aa206'),(20026,'client-a : aa207'),(20027,'client-a : aa208'),(20028,'client-a : aa209'),(20029,'client-a : aa210'),(20030,'client-a : aa211'),(20031,'client-a : aa212'),(20032,'client-a : aa213'),(20033,'client-a : aa214'),(20034,'client-a : aa215'),(20035,'client-a : aa216'),(20036,'client-a : aa217'),(20037,'client-a : aa218'),(20038,'client-a : aa219'),(20039,'client-a : aa220'),(20040,'client-a : aa221'),(20041,'client-a : aa222'),(20042,'client-a : aa223'),(20043,'client-a : aa224'),(20044,'client-a : aa225'),(20045,'client-a : aa226'),(20046,'client-a : aa227'),(20047,'client-a : aa228'),(20048,'client-a : aa229'),(20049,'client-a : aa230'),(20050,'client-a : aa231'),(20051,'client-a : aa232'),(20052,'client-a : aa233'),(20053,'client-a : aa234'),(20054,'client-a : aa235'),(20055,'client-a : aa236'),(20056,'client-a : aa237'),(20057,'client-a : aa238'),(20058,'client-a : aa239'),(20059,'client-a : aa240'),(20060,'client-a : aa241'),(20061,'client-a : aa242'),(20062,'client-a : aa243'),(20063,'client-a : aa244'),(20064,'client-a : aa245'),(20065,'client-a : aa246'),(20066,'client-a : aa247'),(20067,'client-a : aa248'),(20068,'client-a : aa249'),(20069,'client-a : aa250'),(20070,'client-a : aa251'),(20071,'client-a : aa252'),(20072,'client-a : aa253'),(20073,'client-a : aa254'),(20074,'client-a : aa255'),(20075,'client-a : aa256'),(20076,'client-a : aa257'),(20077,'client-a : aa258'),(20078,'client-a : aa259'),(20079,'client-a : aa260'),(20080,'client-a : aa261'),(20081,'client-a : aa262'),(20082,'client-a : aa263'),(20083,'client-a : aa264'),(20084,'client-a : aa265'),(20085,'client-a : aa266'),(20086,'client-a : aa267'),(20087,'client-a : aa268'),(20088,'client-a : aa269'),(20089,'client-a : aa270'),(20090,'client-a : aa271'),(20091,'client-a : aa272'),(20092,'client-a : aa273'),(20093,'client-a : aa274'),(20094,'client-a : aa275'),(20095,'client-a : aa276'),(20096,'client-a : aa277'),(20097,'client-a : aa278'),(20098,'client-a : aa279'),(20099,'client-a : aa280'),(20100,'client-a : aa281'),(20101,'client-a : aa282'),(20102,'client-a : aa283'),(20103,'client-a : aa284'),(20104,'client-a : aa285'),(20105,'client-a : aa286'),(20106,'client-a : aa287'),(20107,'client-a : aa288'),(20108,'client-a : aa289'),(20109,'client-a : aa290'),(20110,'client-a : aa291'),(20111,'client-a : aa292'),(20112,'client-a : aa293'),(20113,'client-a : aa294'),(20114,'client-a : aa295'),(20115,'client-a : aa296'),(20116,'client-a : aa297'),(20117,'client-a : aa298'),(20118,'client-a : aa299'),(20119,'client-a : aa300'),(20120,'client-a : aa301'),(20121,'client-a : aa302'),(20122,'client-a : aa303'),(20123,'client-a : aa304'),(20124,'client-a : aa305'),(20125,'client-a : aa306'),(20126,'client-a : aa307'),(20127,'client-a : aa308'),(20128,'client-a : aa309'),(20129,'client-a : aa310'),(20130,'client-a : aa311'),(20131,'client-a : aa312'),(20132,'client-a : aa313'),(20133,'client-a : aa314'),(20134,'client-a : aa315'),(20135,'client-a : aa316'),(20136,'client-a : aa317'),(20137,'client-a : aa318'),(20138,'client-a : aa319'),(20139,'client-a : aa320'),(20140,'client-a : aa321'),(20141,'client-a : aa322'),(20142,'client-a : aa323'),(20143,'client-a : aa324'),(20144,'client-a : aa325'),(20145,'client-a : aa326'),(20146,'client-a : aa327'),(20147,'client-a : aa328'),(20148,'client-a : aa329'),(20149,'client-a : aa330'),(20150,'client-a : aa331'),(20151,'client-a : aa332'),(20152,'client-a : aa333'),(20153,'client-a : aa334'),(20154,'client-a : aa335'),(20155,'client-a : aa336'),(20156,'client-a : aa337'),(20157,'client-a : aa338'),(20158,'client-a : aa339'),(20159,'client-a : aa340'),(20160,'client-a : aa341'),(20161,'client-a : aa342'),(20162,'client-a : aa343'),(20163,'client-a : aa344'),(20164,'client-a : aa345'),(20165,'client-a : aa346'),(20166,'client-a : aa347'),(20167,'client-a : aa348'),(20168,'client-a : aa349'),(20169,'client-a : aa350'),(20170,'client-a : aa351'),(20171,'client-a : aa352'),(20172,'client-a : aa353'),(20173,'client-a : aa354'),(20174,'client-a : aa355'),(20175,'client-a : aa356'),(20176,'client-a : aa357'),(20177,'client-a : aa358'),(20178,'client-a : aa359'),(20179,'client-a : aa360'),(20180,'client-a : aa361'),(20181,'client-a : aa362'),(20182,'client-a : aa363'),(20183,'client-a : aa364'),(20184,'client-a : aa365'),(20185,'client-a : aa366'),(20186,'client-a : aa367'),(20187,'client-a : aa368'),(20188,'client-a : aa369'),(20189,'client-a : aa370'),(20190,'client-a : aa371'),(20191,'client-a : aa372'),(20192,'client-a : aa373'),(20193,'client-a : aa374'),(20194,'client-a : aa375'),(20195,'client-a : aa376'),(20196,'client-a : aa377'),(20197,'client-a : aa378'),(20198,'client-a : aa379'),(20199,'client-a : aa380'),(20200,'client-a : aa381'),(20201,'client-a : aa382'),(20202,'client-a : aa383'),(20203,'client-a : aa384'),(20204,'client-a : aa385'),(20205,'client-a : aa386'),(20206,'client-a : aa387'),(20207,'client-a : aa388'),(20208,'client-a : aa389'),(20209,'client-a : aa390'),(20210,'client-a : aa391'),(20211,'client-a : aa392'),(20212,'client-a : aa393'),(20213,'client-a : aa394'),(20214,'client-a : aa395'),(20215,'client-a : aa396'),(20216,'client-a : aa397'),(20217,'client-a : aa398'),(20218,'client-a : aa399'),(20219,'client-a : aa400'),(20220,'client-a : aa401'),(20221,'client-a : aa402'),(20222,'client-a : aa403'),(20223,'client-a : aa404'),(20224,'client-a : aa405'),(20225,'client-a : aa406'),(20226,'client-a : aa407'),(20227,'client-a : aa408'),(20228,'client-a : aa409'),(20229,'client-a : aa410'),(20230,'client-a : aa411'),(20231,'client-a : aa412'),(20232,'client-a : aa413'),(20233,'client-a : aa414'),(20234,'client-a : aa415'),(20235,'client-a : aa416'),(20236,'client-a : aa417'),(20237,'client-a : aa418'),(20238,'client-a : aa419'),(20239,'client-a : aa420'),(20240,'client-a : aa421'),(20241,'client-a : aa422'),(20242,'client-a : aa423'),(20243,'client-a : aa424'),(20244,'client-a : aa425'),(20245,'client-a : aa426'),(20246,'client-a : aa427'),(20247,'client-a : aa428'),(20248,'client-a : aa429'),(20249,'client-a : aa430'),(20250,'client-a : aa431'),(20251,'client-a : aa432'),(20252,'client-a : aa433'),(20253,'client-a : aa434'),(20254,'client-a : aa435'),(20255,'client-a : aa436'),(20256,'client-a : aa437'),(20257,'client-a : aa438'),(20258,'client-a : aa439'),(20259,'client-a : aa440'),(20260,'client-a : aa441'),(20261,'client-a : aa442'),(20262,'client-a : aa443'),(20263,'client-a : aa444'),(20264,'client-a : aa445'),(20265,'client-a : aa446'),(20266,'client-a : aa447'),(20267,'client-a : aa448'),(20268,'client-a : aa449'),(20269,'client-a : aa450'),(20270,'client-a : aa451'),(20271,'client-a : aa452'),(20272,'client-a : aa453'),(20273,'client-a : aa454'),(20274,'client-a : aa455'),(20275,'client-a : aa456'),(20276,'client-a : aa457'),(20277,'client-a : aa458'),(20278,'client-a : aa459'),(20279,'client-a : aa460'),(20280,'client-a : aa461'),(20281,'client-a : aa462'),(20282,'client-a : aa463'),(20283,'client-a : aa464'),(20284,'client-a : aa465'),(20285,'client-a : aa466'),(20286,'client-a : aa467'),(20287,'client-a : aa468'),(20288,'client-a : aa469'),(20289,'client-a : aa470'),(20290,'client-a : aa471'),(20291,'client-a : aa472'),(20292,'client-a : aa473'),(20293,'client-a : aa474'),(20294,'client-a : aa475'),(20295,'client-a : aa476'),(20296,'client-a : aa477'),(20297,'client-a : aa478'),(20298,'client-a : aa479'),(20299,'client-a : aa480'),(20300,'client-a : aa481'),(20301,'client-a : aa482'),(20302,'client-a : aa483'),(20303,'client-a : aa484'),(20304,'client-a : aa485'),(20305,'client-a : aa486'),(20306,'client-a : aa487'),(20307,'client-a : aa488'),(20308,'client-a : aa489'),(20309,'client-a : aa490'),(20310,'client-a : aa491'),(20311,'client-a : aa492'),(20312,'client-a : aa493'),(20313,'client-a : aa494'),(20314,'client-a : aa495'),(20315,'client-a : aa496'),(20316,'client-a : aa497'),(20317,'client-a : aa498'),(20318,'client-a : aa499'),(20319,'client-a : aa500'),(20320,'client-a : aa501'),(20321,'client-a : aa502'),(20322,'client-a : aa503'),(20323,'client-a : aa504'),(20324,'client-a : aa505'),(20325,'client-a : aa506'),(20326,'client-a : aa507'),(20327,'client-a : aa508'),(20328,'client-a : aa509'),(20329,'client-a : aa510'),(20330,'client-a : aa511'),(20331,'client-a : aa512'),(20332,'client-a : aa513'),(20333,'client-a : aa514'),(20334,'client-a : aa515'),(20335,'client-a : aa516'),(20336,'client-a : aa517'),(20337,'client-a : aa518'),(20338,'client-a : aa519'),(20339,'client-a : aa520'),(20340,'client-a : aa521'),(20341,'client-a : aa522'),(20342,'client-a : aa523'),(20343,'client-a : aa524'),(20344,'client-a : aa525'),(20345,'client-a : aa526'),(20346,'client-a : aa527'),(20347,'client-a : aa528'),(20348,'client-a : aa529'),(20349,'client-a : aa530'),(20350,'client-a : aa531'),(20351,'client-a : aa532'),(20352,'client-a : aa533'),(20353,'client-a : aa534'),(20354,'client-a : aa535'),(20355,'client-a : aa536'),(20356,'client-a : aa537'),(20357,'client-a : aa538'),(20358,'client-a : aa539'),(20359,'client-a : aa540'),(20360,'client-a : aa541'),(20361,'client-a : aa542'),(20362,'client-a : aa543'),(20363,'client-a : aa544'),(20364,'client-a : aa545'),(20365,'client-a : aa546'),(20366,'client-a : aa547'),(20367,'client-a : aa548'),(20368,'client-a : aa549'),(20369,'client-a : aa550'),(20370,'client-a : aa551'),(20371,'client-a : aa552'),(20372,'client-a : aa553'),(20373,'client-a : aa554'),(20374,'client-a : aa555'),(20375,'client-a : aa556'),(20376,'client-a : aa557'),(20377,'client-a : aa558'),(20378,'client-a : aa559'),(20379,'client-a : aa560'),(20380,'client-a : aa561'),(20381,'client-a : aa562'),(20382,'client-a : aa563'),(20383,'client-a : aa564'),(20384,'client-a : aa565'),(20385,'client-a : aa566'),(20386,'client-a : aa567'),(20387,'client-a : aa568'),(20388,'client-a : aa569'),(20389,'client-a : aa570'),(20390,'client-a : aa571'),(20391,'client-a : aa572'),(20392,'client-a : aa573'),(20393,'client-a : aa574'),(20394,'client-a : aa575'),(20395,'client-a : aa576'),(20396,'client-a : aa577'),(20397,'client-a : aa578'),(20398,'client-a : aa579'),(20399,'client-a : aa580'),(20400,'client-a : aa581'),(20401,'client-a : aa582'),(20402,'client-a : aa583'),(20403,'client-a : aa584'),(20404,'client-a : aa585'),(20405,'client-a : aa586'),(20406,'client-a : aa587'),(20407,'client-a : aa588'),(20408,'client-a : aa589'),(20409,'client-a : aa590'),(20410,'client-a : aa591'),(20411,'client-a : aa592'),(20412,'client-a : aa593'),(20413,'client-a : aa594'),(20414,'client-a : aa595'),(20415,'client-a : aa596'),(20416,'client-a : aa597'),(20417,'client-a : aa598'),(20418,'client-a : aa599'),(20419,'client-a : aa600'),(20420,'client-a : aa601'),(20421,'client-a : aa602'),(20422,'client-a : aa603'),(20423,'client-a : aa604'),(20424,'client-a : aa605'),(20425,'client-a : aa606'),(20426,'client-a : aa607'),(20427,'client-a : aa608'),(20428,'client-a : aa609'),(20429,'client-a : aa610'),(20430,'client-a : aa611'),(20431,'client-a : aa612'),(20432,'client-a : aa613'),(20433,'client-a : aa614'),(20434,'client-a : aa615'),(20435,'client-a : aa616'),(20436,'client-a : aa617'),(20437,'client-a : aa618'),(20438,'client-a : aa619'),(20439,'client-a : aa620'),(20440,'client-a : aa621'),(20441,'client-a : aa622'),(20442,'client-a : aa623'),(20443,'client-a : aa624'),(20444,'client-a : aa625'),(20445,'client-a : aa626'),(20446,'client-a : aa627'),(20447,'client-a : aa628'),(20448,'client-a : aa629'),(20449,'client-a : aa630'),(20450,'client-a : aa631'),(20451,'client-a : aa632'),(20452,'client-a : aa633'),(20453,'client-a : aa634'),(20454,'client-a : aa635'),(20455,'client-a : aa636'),(20456,'client-a : aa637'),(20457,'client-a : aa638'),(20458,'client-a : aa639'),(20459,'client-a : aa640'),(20460,'client-a : aa641'),(20461,'client-a : aa642'),(20462,'client-a : aa643'),(20463,'client-a : aa644'),(20464,'client-a : aa645'),(20465,'client-a : aa646'),(20466,'client-a : aa647'),(20467,'client-a : aa648'),(20468,'client-a : aa649'),(20469,'client-a : aa650'),(20470,'client-a : aa651'),(20471,'client-a : aa652'),(20472,'client-a : aa653'),(20473,'client-a : aa654'),(20474,'client-a : aa655'),(20475,'client-a : aa656'),(20476,'client-a : aa657'),(20477,'client-a : aa658'),(20478,'client-a : aa659'),(20479,'client-a : aa660'),(20480,'client-a : aa661'),(20481,'client-a : aa662'),(20482,'client-a : aa663'),(20483,'client-a : aa664'),(20484,'client-a : aa665'),(20485,'client-a : aa666'),(20486,'client-a : aa667'),(20487,'client-a : aa668'),(20488,'client-a : aa669'),(20489,'client-a : aa670'),(20490,'client-a : aa671'),(20491,'client-a : aa672'),(20492,'client-a : aa673'),(20493,'client-a : aa674'),(20494,'client-a : aa675'),(20495,'client-a : aa676'),(20496,'client-a : aa677'),(20497,'client-a : aa678'),(20498,'client-a : aa679'),(20499,'client-a : aa680'),(20500,'client-a : aa681'),(20501,'client-a : aa682'),(20502,'client-a : aa683'),(20503,'client-a : aa684'),(20504,'client-a : aa685'),(20505,'client-a : aa686'),(20506,'client-a : aa687'),(20507,'client-a : aa688'),(20508,'client-a : aa689'),(20509,'client-a : aa690'),(20510,'client-a : aa691'),(20511,'client-a : aa692'),(20512,'client-a : aa693'),(20513,'client-a : aa694'),(20514,'client-a : aa695'),(20515,'client-a : aa696'),(20516,'client-a : aa697'),(20517,'client-a : aa698'),(20518,'client-a : aa699'),(20519,'client-a : aa700'),(20520,'client-a : aa701'),(20521,'client-a : aa702'),(20522,'client-a : aa703'),(20523,'client-a : aa704'),(20524,'client-a : aa705'),(20525,'client-a : aa706'),(20526,'client-a : aa707'),(20527,'client-a : aa708'),(20528,'client-a : aa709'),(20529,'client-a : aa710'),(20530,'client-a : aa711'),(20531,'client-a : aa712'),(20532,'client-a : aa713'),(20533,'client-a : aa714'),(20534,'client-a : aa715'),(20535,'client-a : aa716'),(20536,'client-a : aa717'),(20537,'client-a : aa718'),(20538,'client-a : aa719'),(20539,'client-a : aa720'),(20540,'client-a : aa721'),(20541,'client-a : aa722'),(20542,'client-a : aa723'),(20543,'client-a : aa724'),(20544,'client-a : aa725'),(20545,'client-a : aa726'),(20546,'client-a : aa727'),(20547,'client-a : aa728'),(20548,'client-a : aa729'),(20549,'client-a : aa730'),(20550,'client-a : aa731'),(20551,'client-a : aa732'),(20552,'client-a : aa733'),(20553,'client-a : aa734'),(20554,'client-a : aa735'),(20555,'client-a : aa736'),(20556,'client-a : aa737'),(20557,'client-a : aa738'),(20558,'client-a : aa739'),(20559,'client-a : aa740'),(20560,'client-a : aa741'),(20561,'client-a : aa742'),(20562,'client-a : aa743'),(20563,'client-a : aa744'),(20564,'client-a : aa745'),(20565,'client-a : aa746'),(20566,'client-a : aa747'),(20567,'client-a : aa748'),(20568,'client-a : aa749'),(20569,'client-a : aa750'),(20570,'client-a : aa751'),(20571,'client-a : aa752'),(20572,'client-a : aa753'),(20573,'client-a : aa754'),(20574,'client-a : aa755'),(20575,'client-a : aa756'),(20576,'client-a : aa757'),(20577,'client-a : aa758'),(20578,'client-a : aa759'),(20579,'client-a : aa760'),(20580,'client-a : aa761'),(20581,'client-a : aa762'),(20582,'client-a : aa763'),(20583,'client-a : aa764'),(20584,'client-a : aa765'),(20585,'client-a : aa766'),(20586,'client-a : aa767'),(20587,'client-a : aa768'),(20588,'client-a : aa769'),(20589,'client-a : aa770'),(20590,'client-a : aa771'),(20591,'client-a : aa772'),(20592,'client-a : aa773'),(20593,'client-a : aa774'),(20594,'client-a : aa775'),(20595,'client-a : aa776'),(20596,'client-a : aa777'),(20597,'client-a : aa778'),(20598,'client-a : aa779'),(20599,'client-a : aa780'),(20600,'client-a : aa781'),(20601,'client-a : aa782'),(20602,'client-a : aa783'),(20603,'client-a : aa784'),(20604,'client-a : aa785'),(20605,'client-a : aa786'),(20606,'client-a : aa787'),(20607,'client-a : aa788'),(20608,'client-a : aa789'),(20609,'client-a : aa790'),(20610,'client-a : aa791'),(20611,'client-a : aa792'),(20612,'client-a : aa793'),(20613,'client-a : aa794'),(20614,'client-a : aa795'),(20615,'client-a : aa796'),(20616,'client-a : aa797'),(20617,'client-a : aa798'),(20618,'client-a : aa799'),(20619,'client-a : aa800'),(20620,'client-a : aa801'),(20621,'client-a : aa802'),(20622,'client-a : aa803'),(20623,'client-a : aa804'),(20624,'client-a : aa805'),(20625,'client-a : aa806'),(20626,'client-a : aa807'),(20627,'client-a : aa808'),(20628,'client-a : aa809'),(20629,'client-a : aa810'),(20630,'client-a : aa811'),(20631,'client-a : aa812'),(20632,'client-a : aa813'),(20633,'client-a : aa814'),(20634,'client-a : aa815'),(20635,'client-a : aa816'),(20636,'client-a : aa817'),(20637,'client-a : aa818'),(20638,'client-a : aa819'),(20639,'client-a : aa820'),(20640,'client-a : aa821'),(20641,'client-a : aa822'),(20642,'client-a : aa823'),(20643,'client-a : aa824'),(20644,'client-a : aa825'),(20645,'client-a : aa826'),(20646,'client-a : aa827'),(20647,'client-a : aa828'),(20648,'client-a : aa829'),(20649,'client-a : aa830'),(20650,'client-a : aa831'),(20651,'client-a : aa832'),(20652,'client-a : aa833'),(20653,'client-a : aa834'),(20654,'client-a : aa835'),(20655,'client-a : aa836'),(20656,'client-a : aa837'),(20657,'client-a : aa838'),(20658,'client-a : aa839'),(20659,'client-a : aa840'),(20660,'client-a : aa841'),(20661,'client-a : aa842'),(20662,'client-a : aa843'),(20663,'client-a : aa844'),(20664,'client-a : aa845'),(20665,'client-a : aa846'),(20666,'client-a : aa847'),(20667,'client-a : aa848'),(20668,'client-a : aa849'),(20669,'client-a : aa850'),(20670,'client-a : aa851'),(20671,'client-a : aa852'),(20672,'client-a : aa853'),(20673,'client-a : aa854'),(20674,'client-a : aa855'),(20675,'client-a : aa856'),(20676,'client-a : aa857'),(20677,'client-a : aa858'),(20678,'client-a : aa859'),(20679,'client-a : aa860'),(20680,'client-a : aa861'),(20681,'client-a : aa862'),(20682,'client-a : aa863'),(20683,'client-a : aa864'),(20684,'client-a : aa865'),(20685,'client-a : aa866'),(20686,'client-a : aa867'),(20687,'client-a : aa868'),(20688,'client-a : aa869'),(20689,'client-a : aa870'),(20690,'client-a : aa871'),(20691,'client-a : aa872'),(20692,'client-a : aa873'),(20693,'client-a : aa874'),(20694,'client-a : aa875'),(20695,'client-a : aa876'),(20696,'client-a : aa877'),(20697,'client-a : aa878'),(20698,'client-a : aa879'),(20699,'client-a : aa880'),(20700,'client-a : aa881'),(20701,'client-a : aa882'),(20702,'client-a : aa883'),(20703,'client-a : aa884'),(20704,'client-a : aa885'),(20705,'client-a : aa886'),(20706,'client-a : aa887'),(20707,'client-a : aa888'),(20708,'client-a : aa889'),(20709,'client-a : aa890'),(20710,'client-a : aa891'),(20711,'client-a : aa892'),(20712,'client-a : aa893'),(20713,'client-a : aa894'),(20714,'client-a : aa895'),(20715,'client-a : aa896'),(20716,'client-a : aa897'),(20717,'client-a : aa898'),(20718,'client-a : aa899'),(20719,'client-a : aa900'),(20720,'client-a : aa901'),(20721,'client-a : aa902'),(20722,'client-a : aa903'),(20723,'client-a : aa904'),(20724,'client-a : aa905'),(20725,'client-a : aa906'),(20726,'client-a : aa907'),(20727,'client-a : aa908'),(20728,'client-a : aa909'),(20729,'client-a : aa910'),(20730,'client-a : aa911'),(20731,'client-a : aa912'),(20732,'client-a : aa913'),(20733,'client-a : aa914'),(20734,'client-a : aa915'),(20735,'client-a : aa916'),(20736,'client-a : aa917'),(20737,'client-a : aa918'),(20738,'client-a : aa919'),(20739,'client-a : aa920'),(20740,'client-a : aa921'),(20741,'client-a : aa922'),(20742,'client-a : aa923'),(20743,'client-a : aa924'),(20744,'client-a : aa925'),(20745,'client-a : aa926'),(20746,'client-a : aa927'),(20747,'client-a : aa928'),(20748,'client-a : aa929'),(20749,'client-a : aa930'),(20750,'client-a : aa931'),(20751,'client-a : aa932'),(20752,'client-a : aa933'),(20753,'client-a : aa934'),(20754,'client-a : aa935'),(20755,'client-a : aa936'),(20756,'client-a : aa937'),(20757,'client-a : aa938'),(20758,'client-a : aa939'),(20759,'client-a : aa940'),(20760,'client-a : aa941'),(20761,'client-a : aa942'),(20762,'client-a : aa943'),(20763,'client-a : aa944'),(20764,'client-a : aa945'),(20765,'client-a : aa946'),(20766,'client-a : aa947'),(20767,'client-a : aa948'),(20768,'client-a : aa949'),(20769,'client-a : aa950'),(20770,'client-a : aa951'),(20771,'client-a : aa952'),(20772,'client-a : aa953'),(20773,'client-a : aa954'),(20774,'client-a : aa955'),(20775,'client-a : aa956'),(20776,'client-a : aa957'),(20777,'client-a : aa958'),(20778,'client-a : aa959'),(20779,'client-a : aa960'),(20780,'client-a : aa961'),(20781,'client-a : aa962'),(20782,'client-a : aa963'),(20783,'client-a : aa964'),(20784,'client-a : aa965'),(20785,'client-a : aa966'),(20786,'client-a : aa967'),(20787,'client-a : aa968'),(20788,'client-a : aa969'),(20789,'client-a : aa970'),(20790,'client-a : aa971'),(20791,'client-a : aa972'),(20792,'client-a : aa973'),(20793,'client-a : aa974'),(20794,'client-a : aa975'),(20795,'client-a : aa976'),(20796,'client-a : aa977'),(20797,'client-a : aa978'),(20798,'client-a : aa979'),(20799,'client-a : aa980'),(20800,'client-a : aa981'),(20801,'client-a : aa982'),(20802,'client-a : aa983'),(20803,'client-a : aa984'),(20804,'client-a : aa985'),(20805,'client-a : aa986'),(20806,'client-a : aa987'),(20807,'client-a : aa988'),(20808,'client-a : aa989'),(20809,'client-a : aa990'),(20810,'client-a : aa991'),(20811,'client-a : aa992'),(20812,'client-a : aa993'),(20813,'client-a : aa994'),(20814,'client-a : aa995'),(20815,'client-a : aa996'),(20816,'client-a : aa997'),(20817,'client-a : aa998'),(20818,'client-a : aa999'),(20819,'client-a : pp'),(20820,'client-a : insert'),(20821,'client-a : insert'),(20822,'client-a : aa0'),(20823,'client-a : aa1'),(20824,'client-a : aa2'),(20825,'client-a : aa3'),(20826,'client-a : aa4'),(20827,'client-a : aa5'),(20828,'client-a : aa6'),(20829,'client-a : aa7'),(20830,'client-a : aa8'),(20831,'client-a : aa9'),(20832,'client-a : aa10'),(20833,'client-a : aa11'),(20834,'client-a : aa12'),(20835,'client-a : aa13'),(20836,'client-a : aa14'),(20837,'client-a : aa15'),(20838,'client-a : aa16'),(20839,'client-a : aa17'),(20840,'client-a : aa18'),(20841,'client-a : aa19'),(20842,'client-a : aa20'),(20843,'client-a : aa21'),(20844,'client-a : aa22'),(20845,'client-a : aa23'),(20846,'client-a : aa24'),(20847,'client-a : aa25'),(20848,'client-a : aa26'),(20849,'client-a : aa27'),(20850,'client-a : aa28'),(20851,'client-a : aa29'),(20852,'client-a : aa30'),(20853,'client-a : aa31'),(20854,'client-a : aa32'),(20855,'client-a : aa33'),(20856,'client-a : aa34'),(20857,'client-a : aa35'),(20858,'client-a : aa36'),(20859,'client-a : aa37'),(20860,'client-a : aa38'),(20861,'client-a : aa39'),(20862,'client-a : aa40'),(20863,'client-a : aa41'),(20864,'client-a : aa42'),(20865,'client-a : aa43'),(20866,'client-a : aa44'),(20867,'client-a : aa45'),(20868,'client-a : aa46'),(20869,'client-a : aa47'),(20870,'client-a : aa48'),(20871,'client-a : aa49'),(20872,'client-a : aa50'),(20873,'client-a : aa51'),(20874,'client-a : aa52'),(20875,'client-a : aa53'),(20876,'client-a : aa54'),(20877,'client-a : aa55'),(20878,'client-a : aa56'),(20879,'client-a : aa57'),(20880,'client-a : aa58'),(20881,'client-a : aa59'),(20882,'client-a : aa60'),(20883,'client-a : aa61'),(20884,'client-a : aa62'),(20885,'client-a : aa63'),(20886,'client-a : aa64'),(20887,'client-a : aa65'),(20888,'client-a : aa66'),(20889,'client-a : aa67'),(20890,'client-a : aa68'),(20891,'client-a : aa69'),(20892,'client-a : aa70'),(20893,'client-a : aa71'),(20894,'client-a : aa72'),(20895,'client-a : aa73'),(20896,'client-a : aa74'),(20897,'client-a : aa75'),(20898,'client-a : aa76'),(20899,'client-a : aa77'),(20900,'client-a : aa78'),(20901,'client-a : aa79'),(20902,'client-a : aa80'),(20903,'client-a : aa81'),(20904,'client-a : aa82'),(20905,'client-a : aa83'),(20906,'client-a : aa84'),(20907,'client-a : aa85'),(20908,'client-a : aa86'),(20909,'client-a : aa87'),(20910,'client-a : aa88'),(20911,'client-a : aa89'),(20912,'client-a : aa90'),(20913,'client-a : aa91'),(20914,'client-a : aa92'),(20915,'client-a : aa93'),(20916,'client-a : aa94'),(20917,'client-a : aa95'),(20918,'client-a : aa96'),(20919,'client-a : aa97'),(20920,'client-a : aa98'),(20921,'client-a : aa99'),(20922,'client-a : aa100'),(20923,'client-a : aa101'),(20924,'client-a : aa102'),(20925,'client-a : aa103'),(20926,'client-a : aa104'),(20927,'client-a : aa105'),(20928,'client-a : aa106'),(20929,'client-a : aa107'),(20930,'client-a : aa108'),(20931,'client-a : aa109'),(20932,'client-a : aa110'),(20933,'client-a : aa111'),(20934,'client-a : aa112'),(20935,'client-a : aa113'),(20936,'client-a : aa114'),(20937,'client-a : aa115'),(20938,'client-a : aa116'),(20939,'client-a : aa117'),(20940,'client-a : aa118'),(20941,'client-a : aa119'),(20942,'client-a : aa120'),(20943,'client-a : aa121'),(20944,'client-a : aa122'),(20945,'client-a : aa123'),(20946,'client-a : aa124'),(20947,'client-a : aa125'),(20948,'client-a : aa126'),(20949,'client-a : aa127'),(20950,'client-a : aa128'),(20951,'client-a : aa129'),(20952,'client-a : aa130'),(20953,'client-a : aa131'),(20954,'client-a : aa132'),(20955,'client-a : aa133'),(20956,'client-a : aa134'),(20957,'client-a : aa135'),(20958,'client-a : aa136'),(20959,'client-a : aa137'),(20960,'client-a : aa138'),(20961,'client-a : aa139'),(20962,'client-a : aa140'),(20963,'client-a : aa141'),(20964,'client-a : aa142'),(20965,'client-a : aa143'),(20966,'client-a : aa144'),(20967,'client-a : aa145'),(20968,'client-a : aa146'),(20969,'client-a : aa147'),(20970,'client-a : aa148'),(20971,'client-a : aa149'),(20972,'client-a : aa150'),(20973,'client-a : aa151'),(20974,'client-a : aa152'),(20975,'client-a : aa153'),(20976,'client-a : aa154'),(20977,'client-a : aa155'),(20978,'client-a : aa156'),(20979,'client-a : aa157'),(20980,'client-a : aa158'),(20981,'client-a : aa159'),(20982,'client-a : aa160'),(20983,'client-a : aa161'),(20984,'client-a : aa162'),(20985,'client-a : aa163'),(20986,'client-a : aa164'),(20987,'client-a : aa165'),(20988,'client-a : aa166'),(20989,'client-a : aa167'),(20990,'client-a : aa168'),(20991,'client-a : aa169'),(20992,'client-a : aa170'),(20993,'client-a : aa171'),(20994,'client-a : aa172'),(20995,'client-a : aa173'),(20996,'client-a : aa174'),(20997,'client-a : aa175'),(20998,'client-a : aa176'),(20999,'client-a : aa177'),(21000,'client-a : aa178'),(21001,'client-a : aa179'),(21002,'client-a : aa180'),(21003,'client-a : aa181'),(21004,'client-a : aa182'),(21005,'client-a : aa183'),(21006,'client-a : aa184'),(21007,'client-a : aa185'),(21008,'client-a : aa186'),(21009,'client-a : aa187'),(21010,'client-a : aa188'),(21011,'client-a : aa189'),(21012,'client-a : aa190'),(21013,'client-a : aa191'),(21014,'client-a : aa192'),(21015,'client-a : aa193'),(21016,'client-a : aa194'),(21017,'client-a : aa195'),(21018,'client-a : aa196'),(21019,'client-a : aa197'),(21020,'client-a : aa198'),(21021,'client-a : aa199'),(21022,'client-a : aa200'),(21023,'client-a : aa201'),(21024,'client-a : aa202'),(21025,'client-a : aa203'),(21026,'client-a : aa204'),(21027,'client-a : aa205'),(21028,'client-a : aa206'),(21029,'client-a : aa207'),(21030,'client-a : aa208'),(21031,'client-a : aa209'),(21032,'client-a : aa210'),(21033,'client-a : aa211'),(21034,'client-a : aa212'),(21035,'client-a : aa213'),(21036,'client-a : aa214'),(21037,'client-a : aa215'),(21038,'client-a : aa216'),(21039,'client-a : aa217'),(21040,'client-a : aa218'),(21041,'client-a : aa219'),(21042,'client-a : aa220'),(21043,'client-a : aa221'),(21044,'client-a : aa222'),(21045,'client-a : aa223'),(21046,'client-a : aa224'),(21047,'client-a : aa225'),(21048,'client-a : aa226'),(21049,'client-a : aa227'),(21050,'client-a : aa228'),(21051,'client-a : aa229'),(21052,'client-a : aa230'),(21053,'client-a : aa231'),(21054,'client-a : aa232'),(21055,'client-a : aa233'),(21056,'client-a : aa234'),(21057,'client-a : aa235'),(21058,'client-a : aa236'),(21059,'client-a : aa237'),(21060,'client-a : aa238'),(21061,'client-a : aa239'),(21062,'client-a : aa240'),(21063,'client-a : aa241'),(21064,'client-a : aa242'),(21065,'client-a : aa243'),(21066,'client-a : aa244'),(21067,'client-a : aa245'),(21068,'client-a : aa246'),(21069,'client-a : aa247'),(21070,'client-a : aa248'),(21071,'client-a : aa249'),(21072,'client-a : aa250'),(21073,'client-a : aa251'),(21074,'client-a : aa252'),(21075,'client-a : aa253'),(21076,'client-a : aa254'),(21077,'client-a : aa255'),(21078,'client-a : aa256'),(21079,'client-a : aa257'),(21080,'client-a : aa258'),(21081,'client-a : aa259'),(21082,'client-a : aa260'),(21083,'client-a : aa261'),(21084,'client-a : aa262'),(21085,'client-a : aa263'),(21086,'client-a : aa264'),(21087,'client-a : aa265'),(21088,'client-a : aa266'),(21089,'client-a : aa267'),(21090,'client-a : aa268'),(21091,'client-a : aa269'),(21092,'client-a : aa270'),(21093,'client-a : aa271'),(21094,'client-a : aa272'),(21095,'client-a : aa273'),(21096,'client-a : aa274'),(21097,'client-a : aa275'),(21098,'client-a : aa276'),(21099,'client-a : aa277'),(21100,'client-a : aa278'),(21101,'client-a : aa279'),(21102,'client-a : aa280'),(21103,'client-a : aa281'),(21104,'client-a : aa282'),(21105,'client-a : aa283'),(21106,'client-a : aa284'),(21107,'client-a : aa285'),(21108,'client-a : aa286'),(21109,'client-a : aa287'),(21110,'client-a : aa288'),(21111,'client-a : aa289'),(21112,'client-a : aa290'),(21113,'client-a : aa291'),(21114,'client-a : aa292'),(21115,'client-a : aa293'),(21116,'client-a : aa294'),(21117,'client-a : aa295'),(21118,'client-a : aa296'),(21119,'client-a : aa297'),(21120,'client-a : aa298'),(21121,'client-a : aa299'),(21122,'client-a : aa300'),(21123,'client-a : aa301'),(21124,'client-a : aa302'),(21125,'client-a : aa303'),(21126,'client-a : aa304'),(21127,'client-a : aa305'),(21128,'client-a : aa306'),(21129,'client-a : aa307'),(21130,'client-a : aa308'),(21131,'client-a : aa309'),(21132,'client-a : aa310'),(21133,'client-a : aa311'),(21134,'client-a : aa312'),(21135,'client-a : aa313'),(21136,'client-a : aa314'),(21137,'client-a : aa315'),(21138,'client-a : aa316'),(21139,'client-a : aa317'),(21140,'client-a : aa318'),(21141,'client-a : aa319'),(21142,'client-a : aa320'),(21143,'client-a : aa321'),(21144,'client-a : aa322'),(21145,'client-a : aa323'),(21146,'client-a : aa324'),(21147,'client-a : aa325'),(21148,'client-a : aa326'),(21149,'client-a : aa327'),(21150,'client-a : aa328'),(21151,'client-a : aa329'),(21152,'client-a : aa330'),(21153,'client-a : aa331'),(21154,'client-a : aa332'),(21155,'client-a : aa333'),(21156,'client-a : aa334'),(21157,'client-a : aa335'),(21158,'client-a : aa336'),(21159,'client-a : aa337'),(21160,'client-a : aa338'),(21161,'client-a : aa339'),(21162,'client-a : aa340'),(21163,'client-a : aa341'),(21164,'client-a : aa342'),(21165,'client-a : aa343'),(21166,'client-a : aa344'),(21167,'client-a : aa345'),(21168,'client-a : aa346'),(21169,'client-a : aa347'),(21170,'client-a : aa348'),(21171,'client-a : aa349'),(21172,'client-a : aa350'),(21173,'client-a : aa351'),(21174,'client-a : aa352'),(21175,'client-a : aa353'),(21176,'client-a : aa354'),(21177,'client-a : aa355'),(21178,'client-a : aa356'),(21179,'client-a : aa357'),(21180,'client-a : aa358'),(21181,'client-a : aa359'),(21182,'client-a : aa360'),(21183,'client-a : aa361'),(21184,'client-a : aa362'),(21185,'client-a : aa363'),(21186,'client-a : aa364'),(21187,'client-a : aa365'),(21188,'client-a : aa366'),(21189,'client-a : aa367'),(21190,'client-a : aa368'),(21191,'client-a : aa369'),(21192,'client-a : aa370'),(21193,'client-a : aa371'),(21194,'client-a : aa372'),(21195,'client-a : aa373'),(21196,'client-a : aa374'),(21197,'client-a : aa375'),(21198,'client-a : aa376'),(21199,'client-a : aa377'),(21200,'client-a : aa378'),(21201,'client-a : aa379'),(21202,'client-a : aa380'),(21203,'client-a : aa381'),(21204,'client-a : aa382'),(21205,'client-a : aa383'),(21206,'client-a : aa384'),(21207,'client-a : aa385'),(21208,'client-a : aa386'),(21209,'client-a : aa387'),(21210,'client-a : aa388'),(21211,'client-a : aa389'),(21212,'client-a : aa390'),(21213,'client-a : aa391'),(21214,'client-a : aa392'),(21215,'client-a : aa393'),(21216,'client-a : aa394'),(21217,'client-a : aa395'),(21218,'client-a : aa396'),(21219,'client-a : aa397'),(21220,'client-a : aa398'),(21221,'client-a : aa399'),(21222,'client-a : aa400'),(21223,'client-a : aa401'),(21224,'client-a : aa402'),(21225,'client-a : aa403'),(21226,'client-a : aa404'),(21227,'client-a : aa405'),(21228,'client-a : aa406'),(21229,'client-a : aa407'),(21230,'client-a : aa408'),(21231,'client-a : aa409'),(21232,'client-a : aa410'),(21233,'client-a : aa411'),(21234,'client-a : aa412'),(21235,'client-a : aa413'),(21236,'client-a : aa414'),(21237,'client-a : aa415'),(21238,'client-a : aa416'),(21239,'client-a : aa417'),(21240,'client-a : aa418'),(21241,'client-a : aa419'),(21242,'client-a : aa420'),(21243,'client-a : aa421'),(21244,'client-a : aa422'),(21245,'client-a : aa423'),(21246,'client-a : aa424'),(21247,'client-a : aa425'),(21248,'client-a : aa426'),(21249,'client-a : aa427'),(21250,'client-a : aa428'),(21251,'client-a : aa429'),(21252,'client-a : aa430'),(21253,'client-a : aa431'),(21254,'client-a : aa432'),(21255,'client-a : aa433'),(21256,'client-a : aa434'),(21257,'client-a : aa435'),(21258,'client-a : aa436'),(21259,'client-a : aa437'),(21260,'client-a : aa438'),(21261,'client-a : aa439'),(21262,'client-a : aa440'),(21263,'client-a : aa441'),(21264,'client-a : aa442'),(21265,'client-a : aa443'),(21266,'client-a : aa444'),(21267,'client-a : aa445'),(21268,'client-a : aa446'),(21269,'client-a : aa447'),(21270,'client-a : aa448'),(21271,'client-a : aa449'),(21272,'client-a : aa450'),(21273,'client-a : aa451'),(21274,'client-a : aa452'),(21275,'client-a : aa453'),(21276,'client-a : aa454'),(21277,'client-a : aa455'),(21278,'client-a : aa456'),(21279,'client-a : aa457'),(21280,'client-a : aa458'),(21281,'client-a : aa459'),(21282,'client-a : aa460'),(21283,'client-a : aa461'),(21284,'client-a : aa462'),(21285,'client-a : aa463'),(21286,'client-a : aa464'),(21287,'client-a : aa465'),(21288,'client-a : aa466'),(21289,'client-a : aa467'),(21290,'client-a : aa468'),(21291,'client-a : aa469'),(21292,'client-a : aa470'),(21293,'client-a : aa471'),(21294,'client-a : aa472'),(21295,'client-a : aa473'),(21296,'client-a : aa474'),(21297,'client-a : aa475'),(21298,'client-a : aa476'),(21299,'client-a : aa477'),(21300,'client-a : aa478'),(21301,'client-a : aa479'),(21302,'client-a : aa480'),(21303,'client-a : aa481'),(21304,'client-a : aa482'),(21305,'client-a : aa483'),(21306,'client-a : aa484'),(21307,'client-a : aa485'),(21308,'client-a : aa486'),(21309,'client-a : aa487'),(21310,'client-a : aa488'),(21311,'client-a : aa489'),(21312,'client-a : aa490'),(21313,'client-a : aa491'),(21314,'client-a : aa492'),(21315,'client-a : aa493'),(21316,'client-a : aa494'),(21317,'client-a : aa495'),(21318,'client-a : aa496'),(21319,'client-a : aa497'),(21320,'client-a : aa498'),(21321,'client-a : aa499'),(21322,'client-a : aa500'),(21323,'client-a : aa501'),(21324,'client-a : aa502'),(21325,'client-a : aa503'),(21326,'client-a : aa504'),(21327,'client-a : aa505'),(21328,'client-a : aa506'),(21329,'client-a : aa507'),(21330,'client-a : aa508'),(21331,'client-a : aa509'),(21332,'client-a : aa510'),(21333,'client-a : aa511'),(21334,'client-a : aa512'),(21335,'client-a : aa513'),(21336,'client-a : aa514'),(21337,'client-a : aa515'),(21338,'client-a : aa516'),(21339,'client-a : aa517'),(21340,'client-a : aa518'),(21341,'client-a : aa519'),(21342,'client-a : aa520'),(21343,'client-a : aa521'),(21344,'client-a : aa522'),(21345,'client-a : aa523'),(21346,'client-a : aa524'),(21347,'client-a : aa525'),(21348,'client-a : aa526'),(21349,'client-a : aa527'),(21350,'client-a : aa528'),(21351,'client-a : aa529'),(21352,'client-a : aa530'),(21353,'client-a : aa531'),(21354,'client-a : aa532'),(21355,'client-a : aa533'),(21356,'client-a : aa534'),(21357,'client-a : aa535'),(21358,'client-a : aa536'),(21359,'client-a : aa537'),(21360,'client-a : aa538'),(21361,'client-a : aa539'),(21362,'client-a : aa540'),(21363,'client-a : aa541'),(21364,'client-a : aa542'),(21365,'client-a : aa543'),(21366,'client-a : aa544'),(21367,'client-a : aa545'),(21368,'client-a : aa546'),(21369,'client-a : aa547'),(21370,'client-a : aa548'),(21371,'client-a : aa549'),(21372,'client-a : aa550'),(21373,'client-a : aa551'),(21374,'client-a : aa552'),(21375,'client-a : aa553'),(21376,'client-a : aa554'),(21377,'client-a : aa555'),(21378,'client-a : aa556'),(21379,'client-a : aa557'),(21380,'client-a : aa558'),(21381,'client-a : aa559'),(21382,'client-a : aa560'),(21383,'client-a : aa561'),(21384,'client-a : aa562'),(21385,'client-a : aa563'),(21386,'client-a : aa564'),(21387,'client-a : aa565'),(21388,'client-a : aa566'),(21389,'client-a : aa567'),(21390,'client-a : aa568'),(21391,'client-a : aa569'),(21392,'client-a : aa570'),(21393,'client-a : aa571'),(21394,'client-a : aa572'),(21395,'client-a : aa573'),(21396,'client-a : aa574'),(21397,'client-a : aa575'),(21398,'client-a : aa576'),(21399,'client-a : aa577'),(21400,'client-a : aa578'),(21401,'client-a : aa579'),(21402,'client-a : aa580'),(21403,'client-a : aa581'),(21404,'client-a : aa582'),(21405,'client-a : aa583'),(21406,'client-a : aa584'),(21407,'client-a : aa585'),(21408,'client-a : aa586'),(21409,'client-a : aa587'),(21410,'client-a : aa588'),(21411,'client-a : aa589'),(21412,'client-a : aa590'),(21413,'client-a : aa591'),(21414,'client-a : aa592'),(21415,'client-a : aa593'),(21416,'client-a : aa594'),(21417,'client-a : aa595'),(21418,'client-a : aa596'),(21419,'client-a : aa597'),(21420,'client-a : aa598'),(21421,'client-a : aa599'),(21422,'client-a : aa600'),(21423,'client-a : aa601'),(21424,'client-a : aa602'),(21425,'client-a : aa603'),(21426,'client-a : aa604'),(21427,'client-a : aa605'),(21428,'client-a : aa606'),(21429,'client-a : aa607'),(21430,'client-a : aa608'),(21431,'client-a : aa609'),(21432,'client-a : aa610'),(21433,'client-a : aa611'),(21434,'client-a : aa612'),(21435,'client-a : aa613'),(21436,'client-a : aa614'),(21437,'client-a : aa615'),(21438,'client-a : aa616'),(21439,'client-a : aa617'),(21440,'client-a : aa618'),(21441,'client-a : aa619'),(21442,'client-a : aa620'),(21443,'client-a : aa621'),(21444,'client-a : aa622'),(21445,'client-a : aa623'),(21446,'client-a : aa624'),(21447,'client-a : aa625'),(21448,'client-a : aa626'),(21449,'client-a : aa627'),(21450,'client-a : aa628'),(21451,'client-a : aa629'),(21452,'client-a : aa630'),(21453,'client-a : aa631'),(21454,'client-a : aa632'),(21455,'client-a : aa633'),(21456,'client-a : aa634'),(21457,'client-a : aa635'),(21458,'client-a : aa636'),(21459,'client-a : aa637'),(21460,'client-a : aa638'),(21461,'client-a : aa639'),(21462,'client-a : aa640'),(21463,'client-a : aa641'),(21464,'client-a : aa642'),(21465,'client-a : aa643'),(21466,'client-a : aa644'),(21467,'client-a : aa645'),(21468,'client-a : aa646'),(21469,'client-a : aa647'),(21470,'client-a : aa648'),(21471,'client-a : aa649'),(21472,'client-a : aa650'),(21473,'client-a : aa651'),(21474,'client-a : aa652'),(21475,'client-a : aa653'),(21476,'client-a : aa654'),(21477,'client-a : aa655'),(21478,'client-a : aa656'),(21479,'client-a : aa657'),(21480,'client-a : aa658'),(21481,'client-a : aa659'),(21482,'client-a : aa660'),(21483,'client-a : aa661'),(21484,'client-a : aa662'),(21485,'client-a : aa663'),(21486,'client-a : aa664'),(21487,'client-a : aa665'),(21488,'client-a : aa666'),(21489,'client-a : aa667'),(21490,'client-a : aa668'),(21491,'client-a : aa669'),(21492,'client-a : aa670'),(21493,'client-a : aa671'),(21494,'client-a : aa672'),(21495,'client-a : aa673'),(21496,'client-a : aa674'),(21497,'client-a : aa675'),(21498,'client-a : aa676'),(21499,'client-a : aa677'),(21500,'client-a : aa678'),(21501,'client-a : aa679'),(21502,'client-a : aa680'),(21503,'client-a : aa681'),(21504,'client-a : aa682'),(21505,'client-a : aa683'),(21506,'client-a : aa684'),(21507,'client-a : aa685'),(21508,'client-a : aa686'),(21509,'client-a : aa687'),(21510,'client-a : aa688'),(21511,'client-a : aa689'),(21512,'client-a : aa690'),(21513,'client-a : aa691'),(21514,'client-a : aa692'),(21515,'client-a : aa693'),(21516,'client-a : aa694'),(21517,'client-a : aa695'),(21518,'client-a : aa696'),(21519,'client-a : aa697'),(21520,'client-a : aa698'),(21521,'client-a : aa699'),(21522,'client-a : aa700'),(21523,'client-a : aa701'),(21524,'client-a : aa702'),(21525,'client-a : aa703'),(21526,'client-a : aa704'),(21527,'client-a : aa705'),(21528,'client-a : aa706'),(21529,'client-a : aa707'),(21530,'client-a : aa708'),(21531,'client-a : aa709'),(21532,'client-a : aa710'),(21533,'client-a : aa711'),(21534,'client-a : aa712'),(21535,'client-a : aa713'),(21536,'client-a : aa714'),(21537,'client-a : aa715'),(21538,'client-a : aa716'),(21539,'client-a : aa717'),(21540,'client-a : aa718'),(21541,'client-a : aa719'),(21542,'client-a : aa720'),(21543,'client-a : aa721'),(21544,'client-a : aa722'),(21545,'client-a : aa723'),(21546,'client-a : aa724'),(21547,'client-a : aa725'),(21548,'client-a : aa726'),(21549,'client-a : aa727'),(21550,'client-a : aa728'),(21551,'client-a : aa729'),(21552,'client-a : aa730'),(21553,'client-a : aa731'),(21554,'client-a : aa732'),(21555,'client-a : aa733'),(21556,'client-a : aa734'),(21557,'client-a : aa735'),(21558,'client-a : aa736'),(21559,'client-a : aa737'),(21560,'client-a : aa738'),(21561,'client-a : aa739'),(21562,'client-a : aa740'),(21563,'client-a : aa741'),(21564,'client-a : aa742'),(21565,'client-a : aa743'),(21566,'client-a : aa744'),(21567,'client-a : aa745'),(21568,'client-a : aa746'),(21569,'client-a : aa747'),(21570,'client-a : aa748'),(21571,'client-a : aa749'),(21572,'client-a : aa750'),(21573,'client-a : aa751'),(21574,'client-a : aa752'),(21575,'client-a : aa753'),(21576,'client-a : aa754'),(21577,'client-a : aa755'),(21578,'client-a : aa756'),(21579,'client-a : aa757'),(21580,'client-a : aa758'),(21581,'client-a : aa759'),(21582,'client-a : aa760'),(21583,'client-a : aa761'),(21584,'client-a : aa762'),(21585,'client-a : aa763'),(21586,'client-a : aa764'),(21587,'client-a : aa765'),(21588,'client-a : aa766'),(21589,'client-a : aa767'),(21590,'client-a : aa768'),(21591,'client-a : aa769'),(21592,'client-a : aa770'),(21593,'client-a : aa771'),(21594,'client-a : aa772'),(21595,'client-a : aa773'),(21596,'client-a : aa774'),(21597,'client-a : aa775'),(21598,'client-a : aa776'),(21599,'client-a : aa777'),(21600,'client-a : aa778'),(21601,'client-a : aa779'),(21602,'client-a : aa780'),(21603,'client-a : aa781'),(21604,'client-a : aa782'),(21605,'client-a : aa783'),(21606,'client-a : aa784'),(21607,'client-a : aa785'),(21608,'client-a : aa786'),(21609,'client-a : aa787'),(21610,'client-a : aa788'),(21611,'client-a : aa789'),(21612,'client-a : aa790'),(21613,'client-a : aa791'),(21614,'client-a : aa792'),(21615,'client-a : aa793'),(21616,'client-a : aa794'),(21617,'client-a : aa795'),(21618,'client-a : aa796'),(21619,'client-a : aa797'),(21620,'client-a : aa798'),(21621,'client-a : aa799'),(21622,'client-a : aa800'),(21623,'client-a : aa801'),(21624,'client-a : aa802'),(21625,'client-a : aa803'),(21626,'client-a : aa804'),(21627,'client-a : aa805'),(21628,'client-a : aa806'),(21629,'client-a : aa807'),(21630,'client-a : aa808'),(21631,'client-a : aa809'),(21632,'client-a : aa810'),(21633,'client-a : aa811'),(21634,'client-a : aa812'),(21635,'client-a : aa813'),(21636,'client-a : aa814'),(21637,'client-a : aa815'),(21638,'client-a : aa816'),(21639,'client-a : aa817'),(21640,'client-a : aa818'),(21641,'client-a : aa819'),(21642,'client-a : aa820'),(21643,'client-a : aa821'),(21644,'client-a : aa822'),(21645,'client-a : aa823'),(21646,'client-a : aa824'),(21647,'client-a : aa825'),(21648,'client-a : aa826'),(21649,'client-a : aa827'),(21650,'client-a : aa828'),(21651,'client-a : aa829'),(21652,'client-a : aa830'),(21653,'client-a : aa831'),(21654,'client-a : aa832'),(21655,'client-a : aa833'),(21656,'client-a : aa834'),(21657,'client-a : aa835'),(21658,'client-a : aa836'),(21659,'client-a : aa837'),(21660,'client-a : aa838'),(21661,'client-a : aa839'),(21662,'client-a : aa840'),(21663,'client-a : aa841'),(21664,'client-a : aa842'),(21665,'client-a : aa843'),(21666,'client-a : aa844'),(21667,'client-a : aa845'),(21668,'client-a : aa846'),(21669,'client-a : aa847'),(21670,'client-a : aa848'),(21671,'client-a : aa849'),(21672,'client-a : aa850'),(21673,'client-a : aa851'),(21674,'client-a : aa852'),(21675,'client-a : aa853'),(21676,'client-a : aa854'),(21677,'client-a : aa855'),(21678,'client-a : aa856'),(21679,'client-a : aa857'),(21680,'client-a : aa858'),(21681,'client-a : aa859'),(21682,'client-a : aa860'),(21683,'client-a : aa861'),(21684,'client-a : aa862'),(21685,'client-a : aa863'),(21686,'client-a : aa864'),(21687,'client-a : aa865'),(21688,'client-a : aa866'),(21689,'client-a : aa867'),(21690,'client-a : aa868'),(21691,'client-a : aa869'),(21692,'client-a : aa870'),(21693,'client-a : aa871'),(21694,'client-a : aa872'),(21695,'client-a : aa873'),(21696,'client-a : aa874'),(21697,'client-a : aa875'),(21698,'client-a : aa876'),(21699,'client-a : aa877'),(21700,'client-a : aa878'),(21701,'client-a : aa879'),(21702,'client-a : aa880'),(21703,'client-a : aa881'),(21704,'client-a : aa882'),(21705,'client-a : aa883'),(21706,'client-a : aa884'),(21707,'client-a : aa885'),(21708,'client-a : aa886'),(21709,'client-a : aa887'),(21710,'client-a : aa888'),(21711,'client-a : aa889'),(21712,'client-a : aa890'),(21713,'client-a : aa891'),(21714,'client-a : aa892'),(21715,'client-a : aa893'),(21716,'client-a : aa894'),(21717,'client-a : aa895'),(21718,'client-a : aa896'),(21719,'client-a : aa897'),(21720,'client-a : aa898'),(21721,'client-a : aa899'),(21722,'client-a : aa900'),(21723,'client-a : aa901'),(21724,'client-a : aa902'),(21725,'client-a : aa903'),(21726,'client-a : aa904'),(21727,'client-a : aa905'),(21728,'client-a : aa906'),(21729,'client-a : aa907'),(21730,'client-a : aa908'),(21731,'client-a : aa909'),(21732,'client-a : aa910'),(21733,'client-a : aa911'),(21734,'client-a : aa912'),(21735,'client-a : aa913'),(21736,'client-a : aa914'),(21737,'client-a : aa915'),(21738,'client-a : aa916'),(21739,'client-a : aa917'),(21740,'client-a : aa918'),(21741,'client-a : aa919'),(21742,'client-a : aa920'),(21743,'client-a : aa921'),(21744,'client-a : aa922'),(21745,'client-a : aa923'),(21746,'client-a : aa924'),(21747,'client-a : aa925'),(21748,'client-a : aa926'),(21749,'client-a : aa927'),(21750,'client-a : aa928'),(21751,'client-a : aa929'),(21752,'client-a : aa930'),(21753,'client-a : aa931'),(21754,'client-a : aa932'),(21755,'client-a : aa933'),(21756,'client-a : aa934'),(21757,'client-a : aa935'),(21758,'client-a : aa936'),(21759,'client-a : aa937'),(21760,'client-a : aa938'),(21761,'client-a : aa939'),(21762,'client-a : aa940'),(21763,'client-a : aa941'),(21764,'client-a : aa942'),(21765,'client-a : aa943'),(21766,'client-a : aa944'),(21767,'client-a : aa945'),(21768,'client-a : aa946'),(21769,'client-a : aa947'),(21770,'client-a : aa948'),(21771,'client-a : aa949'),(21772,'client-a : aa950'),(21773,'client-a : aa951'),(21774,'client-a : aa952'),(21775,'client-a : aa953'),(21776,'client-a : aa954'),(21777,'client-a : aa955'),(21778,'client-a : aa956'),(21779,'client-a : aa957'),(21780,'client-a : aa958'),(21781,'client-a : aa959'),(21782,'client-a : aa960'),(21783,'client-a : aa961'),(21784,'client-a : aa962'),(21785,'client-a : aa963'),(21786,'client-a : aa964'),(21787,'client-a : aa965'),(21788,'client-a : aa966'),(21789,'client-a : aa967'),(21790,'client-a : aa968'),(21791,'client-a : aa969'),(21792,'client-a : aa970'),(21793,'client-a : aa971'),(21794,'client-a : aa972'),(21795,'client-a : aa973'),(21796,'client-a : aa974'),(21797,'client-a : aa975'),(21798,'client-a : aa976'),(21799,'client-a : aa977'),(21800,'client-a : aa978'),(21801,'client-a : aa979'),(21802,'client-a : aa980'),(21803,'client-a : aa981'),(21804,'client-a : aa982'),(21805,'client-a : aa983'),(21806,'client-a : aa984'),(21807,'client-a : aa985'),(21808,'client-a : aa986'),(21809,'client-a : aa987'),(21810,'client-a : aa988'),(21811,'client-a : aa989'),(21812,'client-a : aa990'),(21813,'client-a : aa991'),(21814,'client-a : aa992'),(21815,'client-a : aa993'),(21816,'client-a : aa994'),(21817,'client-a : aa995'),(21818,'client-a : aa996'),(21819,'client-a : aa997'),(21820,'client-a : aa998'),(21821,'client-a : aa999');

/*!40101 SET SQL_MODE=@OLD_SQL_MODE */;
/*!40014 SET FOREIGN_KEY_CHECKS=@OLD_FOREIGN_KEY_CHECKS */;
/*!40014 SET UNIQUE_CHECKS=@OLD_UNIQUE_CHECKS */;
/*!40111 SET SQL_NOTES=@OLD_SQL_NOTES */;
